TransactionAmount,CustomerAge,TransactionDuration,LoginAttempts,AccountBalance,TransactionID,AccountID,TransactionDate,TransactionType,Location,DeviceID,IP Address,MerchantID,Channel,CustomerOccupation,PreviousTransactionDate,Cluster
126.29,19.0,56.0,1.0,1122.35,TX000003,AC00019,2023-07-10 18:16:08,Debit,Mesa,D000235,215.97.143.157,M009,Online,Student,2024-11-04 08:07:04,0
494.52,24.0,111.0,1.0,1620.02,TX000013,AC00392,2023-06-07 17:21:28,Credit,Mesa,D000032,210.98.198.143,M057,Branch,Student,2024-11-04 08:08:38,2
781.76,26.0,123.0,1.0,189.69,TX000014,AC00264,2023-11-20 16:39:15,Debit,Memphis,D000054,193.83.0.183,M025,ATM,Student,2024-11-04 08:07:06,2
166.99,18.0,134.0,1.0,299.93,TX000015,AC00085,2023-02-13 16:53:57,Debit,Louisville,D000309,188.124.181.12,M017,Online,Student,2024-11-04 08:10:09,1
465.45,36.0,129.0,1.0,3465.54,TX000016,AC00270,2023-12-12 16:23:31,Debit,Denver,D000466,221.169.49.152,M025,ATM,Engineer,2024-11-04 08:12:19,1
145.54,21.0,96.0,1.0,1930.96,TX000025,AC00241,2023-03-02 16:43:56,Debit,Raleigh,D000036,119.186.154.104,M028,Online,Student,2024-11-04 08:07:09,1
40.32,37.0,95.0,1.0,2686.52,TX000028,AC00057,2023-03-29 16:42:38,Debit,Milwaukee,D000310,21.28.32.1,M008,Branch,Engineer,2024-11-04 08:11:59,1
78.13,26.0,145.0,1.0,900.61,TX000037,AC00404,2023-11-21 16:58:44,Debit,Milwaukee,D000250,33.28.138.82,M028,Branch,Student,2024-11-04 08:12:18,1
55.32,19.0,117.0,1.0,241.79000000000002,TX000044,AC00117,2023-04-12 16:03:37,Debit,Tucson,D000197,173.135.78.201,M009,ATM,Student,2024-11-04 08:08:03,1
304.31,27.0,33.0,1.0,868.61,TX000045,AC00011,2023-07-26 16:52:28,Debit,Louisville,D000685,77.208.193.198,M005,Branch,Student,2024-11-04 08:09:53,0
164.49,26.0,75.0,1.0,1509.27,TX000047,AC00282,2023-12-13 16:01:38,Debit,Baltimore,D000103,113.115.81.178,M070,Branch,Student,2024-11-04 08:10:33,0
510.23999999999995,19.0,105.0,1.0,781.7,TX000048,AC00439,2023-10-09 16:29:40,Debit,Oklahoma City,D000397,186.135.2.148,M090,Online,Student,2024-11-04 08:11:35,2
626.9,26.0,138.0,1.0,265.51,TX000049,AC00296,2023-11-27 16:45:57,Debit,Denver,D000284,93.146.251.20,M023,Online,Student,2024-11-04 08:07:24,2
169.5,28.0,142.0,1.0,918.8799999999999,TX000054,AC00055,2023-09-07 16:51:27,Debit,San Diego,D000442,42.219.228.159,M036,Branch,Student,2024-11-04 08:08:58,1
316.95,25.0,83.0,1.0,1324.03,TX000056,AC00374,2023-08-04 17:53:40,Debit,Mesa,D000013,81.102.230.41,M052,Branch,Student,2024-11-04 08:09:15,2
112.07,23.0,51.00000000000001,1.0,930.3,TX000060,AC00427,2023-10-02 16:35:22,Debit,Kansas City,D000089,198.166.198.233,M064,Branch,Student,2024-11-04 08:11:37,0
521.06,25.0,128.0,1.0,1951.42,TX000068,AC00460,2023-04-18 18:40:47,Debit,Albuquerque,D000305,131.41.45.13,M063,Branch,Student,2024-11-04 08:12:10,2
189.12,32.0,103.0,1.0,977.01,TX000070,AC00395,2023-11-13 16:42:28,Credit,Indianapolis,D000684,125.89.163.224,M040,Branch,Engineer,2024-11-04 08:08:42,1
143.21,35.0,135.0,1.0,6374.82,TX000072,AC00053,2023-01-13 17:00:16,Debit,Dallas,D000410,65.164.3.100,M066,Online,Engineer,2024-11-04 08:09:26,1
232.12,37.0,51.00000000000001,1.0,6689.87,TX000076,AC00239,2023-12-28 17:31:03,Debit,Omaha,D000073,156.173.170.140,M066,ATM,Engineer,2024-11-04 08:09:17,0
162.63,22.0,113.0,1.0,634.17,TX000077,AC00007,2023-06-12 17:53:52,Debit,Kansas City,D000070,60.153.124.80,M060,Online,Student,2024-11-04 08:08:22,1
120.29,19.0,77.0,1.0,1362.39,TX000079,AC00464,2023-12-18 18:46:27,Debit,Miami,D000561,162.198.218.92,M045,Branch,Student,2024-11-04 08:06:50,0
183.71,38.0,102.0,1.0,552.52,TX000081,AC00406,2023-06-19 18:22:10,Debit,Denver,D000488,86.103.2.29,M074,ATM,Engineer,2024-11-04 08:09:51,1
392.96,24.0,100.00000000000001,1.0,791.65,TX000090,AC00437,2023-11-20 16:28:09,Debit,Kansas City,D000141,186.54.68.246,M022,Online,Student,2024-11-04 08:08:38,2
230.66,21.0,135.0,1.0,618.05,TX000093,AC00149,2023-03-27 18:16:04,Debit,Houston,D000526,60.43.160.195,M049,Branch,Student,2024-11-04 08:10:44,1
644.17,29.0,72.0,1.0,1143.52,TX000095,AC00425,2023-03-02 16:05:09,Debit,San Antonio,D000178,165.38.56.205,M093,ATM,Engineer,2024-11-04 08:08:04,2
756.59,27.0,17.0,1.0,420.65,TX000108,AC00397,2023-03-06 16:47:02,Debit,Sacramento,D000028,174.61.77.54,M012,Branch,Student,2024-11-04 08:11:40,2
503.76000000000005,22.0,35.0,1.0,447.82,TX000109,AC00423,2023-11-27 18:32:49,Debit,Los Angeles,D000518,216.151.64.40,M083,Online,Student,2024-11-04 08:09:22,0
327.86,40.0,104.0,1.0,480.16,TX000115,AC00336,2023-02-10 16:52:48,Debit,Fresno,D000655,188.124.181.12,M051,Online,Engineer,2024-11-04 08:06:30,1
56.98,43.0,122.0,2.0,5688.37,TX000118,AC00498,2024-01-01 16:34:10,Credit,Oklahoma City,D000256,101.90.40.193,M086,ATM,Engineer,2024-11-04 08:07:42,1
317.87,27.0,91.0,1.0,145.5,TX000123,AC00311,2023-05-22 17:29:35,Debit,Detroit,D000314,79.227.202.117,M076,Online,Student,2024-11-04 08:11:32,1
331.65,41.0,61.00000000000001,1.0,4172.57,TX000124,AC00066,2023-08-25 17:26:07,Debit,Portland,D000037,26.240.219.199,M006,Online,Engineer,2024-11-04 08:11:00,0
841.28,26.0,80.0,1.0,1103.64,TX000128,AC00176,2023-08-09 17:34:26,Debit,Tucson,D000276,101.223.82.253,M083,Online,Student,2024-11-04 08:09:58,2
38.15,26.0,107.99999999999999,1.0,303.68,TX000129,AC00053,2023-09-07 16:07:40,Debit,Mesa,D000687,77.21.150.75,M005,Online,Student,2024-11-04 08:07:42,1
124.72,33.0,105.0,1.0,6309.8,TX000131,AC00382,2023-07-03 17:14:07,Debit,Oklahoma City,D000118,147.234.20.46,M004,Branch,Engineer,2024-11-04 08:07:25,1
486.0799999999999,18.0,68.00000000000001,1.0,1748.69,TX000137,AC00284,2023-06-20 17:21:50,Debit,Oklahoma City,D000170,138.87.180.254,M060,Online,Student,2024-11-04 08:07:03,2
336.39,21.0,18.0,1.0,1000.46,TX000138,AC00272,2023-01-16 16:53:38,Debit,San Antonio,D000426,203.99.96.114,M003,Branch,Student,2024-11-04 08:09:57,0
234.57,23.0,120.0,1.0,263.98,TX000140,AC00385,2023-09-01 16:09:08,Debit,Chicago,D000553,45.182.28.148,M045,Online,Student,2024-11-04 08:08:47,1
45.85,20.0,91.99999999999999,1.0,1659.15,TX000146,AC00434,2023-02-16 17:57:10,Debit,Los Angeles,D000241,163.129.70.210,M085,ATM,Student,2024-11-04 08:07:24,1
93.26,20.0,72.0,1.0,1152.2,TX000157,AC00421,2023-07-27 16:22:52,Credit,New York,D000436,182.225.2.156,M092,Online,Student,2024-11-04 08:12:04,0
35.76,23.0,122.0,1.0,611.8599999999999,TX000159,AC00275,2023-09-19 17:38:18,Debit,Charlotte,D000678,111.78.64.133,M057,Branch,Student,2024-11-04 08:11:40,1
304.35,31.0,36.0,1.0,4057.1,TX000169,AC00202,2023-12-04 17:07:34,Debit,Houston,D000281,183.39.94.209,M007,Branch,Engineer,2024-11-04 08:08:45,0
281.85,22.0,109.0,1.0,1585.98,TX000170,AC00331,2023-05-16 17:26:37,Debit,Detroit,D000148,219.193.239.152,M013,ATM,Student,2024-11-04 08:07:38,1
777.88,31.0,17.0,1.0,6825.55,TX000171,AC00474,2023-03-20 16:58:12,Debit,Houston,D000436,139.23.212.102,M018,Branch,Engineer,2024-11-04 08:09:15,2
260.88,22.0,36.0,1.0,903.05,TX000174,AC00298,2023-05-29 16:50:10,Debit,Denver,D000327,184.59.28.72,M094,Branch,Student,2024-11-04 08:06:52,0
169.47,24.0,18.999999999999996,1.0,1806.16,TX000175,AC00106,2023-03-22 16:10:14,Debit,Chicago,D000061,120.170.93.69,M046,Online,Student,2024-11-04 08:07:37,0
73.23,26.0,14.0,1.0,787.7399999999999,TX000176,AC00035,2023-05-19 16:52:53,Debit,Portland,D000059,155.37.19.43,M022,Branch,Student,2024-11-04 08:11:12,0
280.57,25.0,24.0,1.0,293.24,TX000194,AC00047,2023-01-27 17:35:05,Credit,Virginia Beach,D000538,170.225.23.251,M017,Online,Student,2024-11-04 08:10:24,0
307.41,19.0,14.0,1.0,1057.0,TX000201,AC00113,2023-06-12 17:32:52,Debit,Los Angeles,D000014,1.7.29.72,M007,ATM,Student,2024-11-04 08:09:48,0
485.54,46.0,143.0,1.0,6371.51,TX000208,AC00370,2023-02-06 17:46:59,Debit,Houston,D000589,140.212.253.222,M061,ATM,Engineer,2024-11-04 08:11:46,1
131.56,44.0,42.00000000000001,1.0,5873.54,TX000221,AC00391,2023-10-19 16:42:37,Debit,Charlotte,D000203,27.215.118.94,M014,Branch,Doctor,2024-11-04 08:07:12,0
630.24,21.0,61.99999999999999,1.0,370.81,TX000230,AC00427,2023-11-29 18:10:30,Debit,Boston,D000548,12.246.170.239,M054,ATM,Student,2024-11-04 08:11:52,2
217.5,46.0,35.0,1.0,3057.4,TX000233,AC00299,2023-10-23 18:54:48,Credit,Denver,D000485,101.90.40.193,M043,Branch,Engineer,2024-11-04 08:06:58,0
66.5,32.0,144.0,1.0,6820.23,TX000240,AC00026,2023-05-04 16:44:56,Credit,Louisville,D000419,13.88.251.53,M098,Online,Engineer,2024-11-04 08:08:06,1
588.54,32.0,130.0,1.0,714.4499999999999,TX000242,AC00215,2023-02-06 17:57:28,Debit,Portland,D000609,211.97.88.141,M031,Branch,Engineer,2024-11-04 08:10:37,2
492.06000000000006,23.0,74.0,1.0,857.9,TX000248,AC00337,2023-10-19 16:14:15,Debit,Fresno,D000411,60.166.231.236,M012,Online,Student,2024-11-04 08:09:56,2
273.08,26.0,134.0,1.0,6609.3,TX000252,AC00470,2023-01-30 16:09:08,Credit,Houston,D000534,150.231.20.169,M007,Branch,Engineer,2024-11-04 08:07:57,1
218.96,18.0,13.0,1.0,754.21,TX000254,AC00442,2023-08-30 16:11:47,Debit,Seattle,D000556,52.196.112.199,M021,ATM,Student,2024-11-04 08:10:35,0
227.39,18.0,65.0,1.0,751.09,TX000255,AC00430,2023-12-25 16:58:19,Debit,Atlanta,D000207,96.115.67.230,M010,Online,Student,2024-11-04 08:11:36,0
341.15,18.0,148.0,1.0,511.36999999999995,TX000258,AC00430,2023-02-13 17:18:15,Debit,San Jose,D000453,6.44.165.160,M042,Online,Student,2024-11-04 08:10:09,1
47.38,25.0,61.00000000000001,1.0,459.37,TX000263,AC00194,2023-02-08 18:18:07,Credit,Seattle,D000388,150.231.20.169,M061,Online,Student,2024-11-04 08:07:05,0
270.72,26.0,53.00000000000001,1.0,6263.96,TX000269,AC00147,2023-07-03 18:01:00,Credit,Washington,D000508,26.240.219.199,M094,Online,Engineer,2024-11-04 08:11:05,0
386.68,46.0,128.0,1.0,6863.06,TX000276,AC00055,2023-10-31 16:48:01,Debit,New York,D000453,207.157.126.125,M019,Branch,Doctor,2024-11-04 08:06:28,1
45.77,25.0,109.0,1.0,5978.12,TX000282,AC00362,2023-02-09 17:50:23,Debit,Philadelphia,D000484,85.239.236.80,M066,Online,Student,2024-11-04 08:08:01,1
329.69,26.0,66.0,1.0,1671.66,TX000283,AC00026,2023-01-09 16:54:30,Credit,San Antonio,D000278,146.69.70.214,M088,Online,Student,2024-11-04 08:09:49,0
48.72,21.0,17.0,1.0,816.0799999999999,TX000290,AC00093,2023-09-29 18:54:28,Debit,Virginia Beach,D000567,158.135.64.240,M063,Branch,Student,2024-11-04 08:07:27,0
43.46,25.0,80.0,1.0,578.06,TX000291,AC00427,2023-07-21 17:02:42,Debit,Boston,D000263,21.190.11.223,M020,ATM,Student,2024-11-04 08:10:45,0
475.36,34.0,105.0,1.0,2000.6,TX000297,AC00381,2023-10-02 16:03:09,Debit,Phoenix,D000540,132.127.5.187,M018,ATM,Engineer,2024-11-04 08:06:59,2
689.54,27.0,93.0,1.0,1633.76,TX000299,AC00495,2023-03-06 16:46:57,Debit,Oklahoma City,D000395,89.6.100.149,M038,Branch,Student,2024-11-04 08:08:53,2
361.46,21.0,83.0,1.0,4737.84,TX000305,AC00306,2023-04-07 17:23:05,Debit,Nashville,D000169,171.150.178.172,M093,Online,Student,2024-11-04 08:10:42,2
131.93,31.0,13.0,1.0,4547.06,TX000308,AC00389,2023-09-11 17:31:10,Credit,Fort Worth,D000245,216.32.4.105,M049,Branch,Engineer,2024-11-04 08:06:50,0
485.54,19.0,148.0,1.0,1533.32,TX000314,AC00445,2023-12-08 16:47:48,Debit,Louisville,D000343,121.67.144.20,M080,Online,Student,2024-11-04 08:11:09,1
711.3,21.0,51.00000000000001,1.0,955.4,TX000316,AC00164,2023-06-26 18:57:37,Debit,San Jose,D000581,109.42.41.157,M076,Branch,Student,2024-11-04 08:09:32,2
350.94,20.0,64.0,1.0,221.56,TX000318,AC00310,2023-10-30 17:17:51,Debit,Colorado Springs,D000154,100.137.90.188,M013,ATM,Student,2024-11-04 08:10:35,0
231.71,27.0,148.0,1.0,1127.98,TX000321,AC00441,2023-04-24 17:01:08,Debit,Raleigh,D000315,26.105.49.129,M060,Branch,Student,2024-11-04 08:07:02,1
233.24,33.0,72.0,1.0,6939.23,TX000325,AC00286,2023-04-17 16:56:06,Debit,Louisville,D000351,45.241.13.208,M070,ATM,Engineer,2024-11-04 08:07:39,0
182.19,26.0,53.00000000000001,1.0,1176.1,TX000331,AC00087,2023-06-19 16:36:25,Debit,Mesa,D000101,157.130.28.27,M007,Branch,Student,2024-11-04 08:06:27,0
288.17,37.0,50.00000000000001,1.0,3653.11,TX000333,AC00418,2023-09-08 16:48:51,Debit,Virginia Beach,D000399,143.212.47.226,M012,Online,Engineer,2024-11-04 08:10:16,0
66.65,37.0,33.0,1.0,3559.96,TX000336,AC00141,2023-10-17 16:58:59,Debit,Detroit,D000398,120.170.93.69,M100,ATM,Engineer,2024-11-04 08:11:00,0
17.07,27.0,44.0,1.0,2798.15,TX000343,AC00493,2023-05-01 17:17:12,Debit,Los Angeles,D000597,47.82.77.181,M023,Branch,Engineer,2024-11-04 08:11:25,0
703.89,46.0,61.99999999999999,1.0,3583.67,TX000344,AC00232,2023-09-22 16:42:15,Debit,San Antonio,D000473,48.19.99.211,M074,Online,Engineer,2024-11-04 08:06:44,2
202.11,27.0,18.0,1.0,746.47,TX000348,AC00034,2023-03-30 16:09:26,Debit,Memphis,D000072,59.208.79.116,M005,ATM,Student,2024-11-04 08:10:01,0
294.15,38.0,136.0,1.0,6362.16,TX000351,AC00040,2023-02-02 16:19:31,Debit,Fresno,D000504,112.86.148.212,M020,Online,Engineer,2024-11-04 08:07:20,1
139.45,27.0,30.999999999999996,1.0,1305.76,TX000353,AC00365,2023-07-10 16:43:05,Debit,Boston,D000139,77.7.223.184,M004,Online,Student,2024-11-04 08:10:08,0
131.43,43.0,65.0,1.0,1337.5,TX000355,AC00349,2023-02-01 18:47:20,Debit,Charlotte,D000391,77.7.223.184,M053,Online,Doctor,2024-11-04 08:12:12,0
516.72,42.0,128.0,1.0,2015.6900000000003,TX000356,AC00374,2023-10-09 18:43:04,Debit,Mesa,D000489,197.187.216.106,M025,ATM,Engineer,2024-11-04 08:11:35,2
626.9,23.0,146.0,1.0,587.1099999999999,TX000360,AC00165,2023-10-10 16:42:09,Debit,Chicago,D000686,59.12.96.11,M017,ATM,Student,2024-11-04 08:11:30,2
110.17,30.0,137.0,1.0,464.2,TX000365,AC00272,2023-09-07 16:08:12,Debit,Raleigh,D000046,156.235.3.171,M054,ATM,Engineer,2024-11-04 08:12:11,1
283.81,28.0,29.000000000000004,1.0,1519.35,TX000369,AC00327,2023-03-09 16:31:54,Debit,San Diego,D000364,64.57.44.102,M046,Branch,Student,2024-11-04 08:10:46,0
218.59,40.0,123.0,1.0,6699.23,TX000371,AC00177,2023-11-27 16:43:28,Credit,Denver,D000004,72.192.101.196,M088,Branch,Engineer,2024-11-04 08:07:12,1
132.84,21.0,143.0,1.0,822.73,TX000372,AC00322,2023-08-21 16:28:17,Debit,Oklahoma City,D000244,147.114.91.132,M060,ATM,Student,2024-11-04 08:08:40,1
30.229999999999997,44.0,99.0,1.0,481.13,TX000380,AC00488,2023-11-06 17:53:25,Debit,Austin,D000406,134.247.5.188,M049,ATM,Doctor,2024-11-04 08:12:06,1
99.36,40.0,45.99999999999999,1.0,1272.12,TX000389,AC00279,2023-05-09 16:55:54,Debit,Seattle,D000019,93.151.52.152,M004,ATM,Doctor,2024-11-04 08:09:15,0
133.73,25.0,123.0,1.0,1872.2200000000003,TX000392,AC00116,2023-05-16 16:21:42,Credit,San Jose,D000664,83.80.89.29,M001,Online,Student,2024-11-04 08:09:22,1
215.94,22.0,140.0,1.0,1841.69,TX000394,AC00265,2023-06-05 16:06:43,Credit,Virginia Beach,D000037,53.218.177.171,M021,Online,Student,2024-11-04 08:10:45,1
353.82,42.0,143.0,1.0,705.7499999999999,TX000404,AC00020,2023-04-10 17:57:59,Debit,Milwaukee,D000043,72.128.135.172,M035,ATM,Doctor,2024-11-04 08:06:40,1
195.12,46.0,144.0,1.0,6101.15,TX000408,AC00208,2023-07-25 17:42:45,Debit,Louisville,D000603,199.103.32.145,M043,ATM,Doctor,2024-11-04 08:10:40,1
153.4,45.0,144.0,1.0,4657.7,TX000420,AC00480,2023-03-31 17:36:57,Debit,Mesa,D000599,162.58.247.55,M057,ATM,Engineer,2024-11-04 08:08:08,1
5.12,34.0,90.0,1.0,3293.01,TX000422,AC00235,2023-10-13 16:08:26,Debit,New York,D000660,188.205.152.176,M002,Branch,Engineer,2024-11-04 08:10:31,1
119.72,30.0,123.0,1.0,3435.34,TX000425,AC00267,2023-02-03 18:15:15,Debit,Tucson,D000445,147.227.81.224,M011,Branch,Engineer,2024-11-04 08:10:20,1
299.09,36.0,84.00000000000001,1.0,5615.26,TX000431,AC00443,2023-01-16 16:14:45,Credit,Boston,D000540,113.115.81.178,M034,Branch,Engineer,2024-11-04 08:08:01,1
461.52,24.0,44.0,1.0,1995.1799999999998,TX000432,AC00499,2023-05-15 16:40:24,Credit,Denver,D000670,59.127.135.25,M068,Branch,Student,2024-11-04 08:08:53,0
386.38,42.0,135.0,1.0,5528.36,TX000437,AC00357,2023-01-24 16:00:14,Debit,Phoenix,D000461,203.197.235.35,M058,Online,Engineer,2024-11-04 08:10:06,1
136.32,19.0,113.0,1.0,264.83,TX000444,AC00273,2023-10-11 18:50:24,Debit,Miami,D000548,217.233.219.196,M060,Online,Student,2024-11-04 08:09:24,1
73.28,21.0,21.000000000000004,1.0,1329.41,TX000448,AC00072,2023-03-10 17:33:12,Debit,Boston,D000137,206.84.69.39,M096,Branch,Student,2024-11-04 08:10:57,0
689.29,22.0,100.00000000000001,1.0,168.84,TX000450,AC00407,2023-01-06 17:30:07,Debit,El Paso,D000286,166.41.54.117,M034,ATM,Student,2024-11-04 08:07:49,2
54.05,27.0,146.0,1.0,469.13999999999993,TX000453,AC00271,2023-04-25 16:53:22,Debit,Louisville,D000373,167.104.180.235,M008,Branch,Student,2024-11-04 08:11:34,1
17.45,18.0,88.0,1.0,1959.52,TX000463,AC00074,2023-09-13 16:41:19,Debit,Omaha,D000630,28.149.72.129,M059,ATM,Student,2024-11-04 08:09:39,1
442.74,23.0,136.0,1.0,1790.27,TX000465,AC00182,2023-10-16 17:47:41,Debit,San Diego,D000563,141.241.241.128,M019,Branch,Student,2024-11-04 08:09:45,1
63.41,26.0,36.0,1.0,1546.22,TX000468,AC00300,2023-11-24 17:29:06,Debit,Fort Worth,D000116,141.241.241.128,M035,ATM,Student,2024-11-04 08:07:15,0
88.6,28.0,105.0,1.0,246.57,TX000475,AC00219,2023-02-14 17:01:44,Credit,Raleigh,D000403,170.54.231.239,M054,Branch,Student,2024-11-04 08:08:47,1
144.3,18.0,88.0,1.0,312.19,TX000481,AC00306,2023-12-08 17:24:44,Debit,Oklahoma City,D000098,93.170.203.44,M049,ATM,Student,2024-11-04 08:10:39,1
0.99,45.0,133.0,1.0,4317.85,TX000491,AC00166,2023-09-13 16:55:14,Debit,Los Angeles,D000503,187.199.178.27,M029,ATM,Engineer,2024-11-04 08:09:12,1
66.58,23.0,79.0,1.0,1636.32,TX000493,AC00213,2023-12-04 17:06:43,Debit,Raleigh,D000419,20.147.6.179,M040,Branch,Student,2024-11-04 08:08:48,0
634.86,27.0,45.0,1.0,588.4999999999999,TX000496,AC00039,2023-08-10 16:28:55,Debit,Chicago,D000151,122.94.26.104,M009,ATM,Student,2024-11-04 08:08:00,2
654.48,19.0,114.0,1.0,6776.41,TX000499,AC00450,2023-08-07 16:37:06,Debit,Columbus,D000277,148.112.151.27,M047,Branch,Student,2024-11-04 08:10:17,2
149.25,39.0,142.0,1.0,5677.52,TX000504,AC00080,2023-04-10 16:38:45,Debit,Omaha,D000604,3.77.114.6,M067,ATM,Engineer,2024-11-04 08:07:41,1
493.4200000000001,39.0,111.0,1.0,2232.84,TX000507,AC00327,2023-06-14 17:21:32,Debit,Baltimore,D000474,28.149.72.129,M039,Branch,Engineer,2024-11-04 08:10:01,2
660.02,20.0,84.00000000000001,1.0,414.43,TX000526,AC00313,2023-10-12 16:57:36,Debit,Nashville,D000462,77.7.223.184,M053,Branch,Student,2024-11-04 08:08:35,2
345.81,40.0,135.0,1.0,6116.8,TX000527,AC00173,2023-06-26 16:10:57,Debit,Raleigh,D000417,191.82.103.198,M099,Branch,Engineer,2024-11-04 08:12:14,1
541.79,22.0,125.0,1.0,1454.08,TX000531,AC00369,2023-08-11 16:43:45,Debit,Mesa,D000558,93.169.212.219,M098,ATM,Student,2024-11-04 08:11:29,2
40.57,26.0,63.0,1.0,1476.91,TX000532,AC00033,2023-02-13 17:02:27,Debit,Columbus,D000380,173.252.44.183,M096,Branch,Student,2024-11-04 08:06:37,0
120.24000000000001,18.0,131.0,2.0,1943.1300000000003,TX000533,AC00077,2023-08-28 16:52:22,Debit,Milwaukee,D000570,49.29.37.185,M087,Branch,Student,2024-11-04 08:08:20,1
552.02,44.0,100.00000000000001,1.0,522.08,TX000544,AC00316,2023-11-30 16:51:46,Credit,Chicago,D000061,156.173.170.140,M048,ATM,Engineer,2024-11-04 08:09:25,2
377.12,34.0,61.00000000000001,1.0,836.6699999999998,TX000545,AC00145,2023-08-14 17:12:27,Debit,Houston,D000321,112.56.160.202,M049,ATM,Engineer,2024-11-04 08:11:40,0
73.88,39.0,34.0,1.0,6474.41,TX000550,AC00257,2023-01-02 16:27:18,Debit,Charlotte,D000611,142.148.226.178,M015,Online,Doctor,2024-11-04 08:09:09,0
2.03,33.0,28.0,1.0,3012.31,TX000557,AC00083,2024-01-01 16:07:05,Credit,Detroit,D000271,112.86.148.212,M012,ATM,Engineer,2024-11-04 08:08:50,0
12.04,37.0,58.00000000000001,1.0,6213.32,TX000564,AC00223,2023-11-15 16:08:52,Debit,Fort Worth,D000535,31.127.129.152,M053,Online,Engineer,2024-11-04 08:08:25,0
365.7,21.0,115.0,2.0,368.78,TX000565,AC00413,2023-01-27 16:35:40,Debit,Houston,D000051,81.248.235.147,M045,Branch,Student,2024-11-04 08:10:17,1
29.38,28.0,63.0,1.0,1663.31,TX000566,AC00086,2023-02-15 16:30:09,Credit,Baltimore,D000053,139.23.212.102,M064,Branch,Student,2024-11-04 08:11:08,0
170.53,24.0,58.00000000000001,1.0,801.01,TX000570,AC00460,2023-02-06 18:59:44,Debit,Oklahoma City,D000140,158.135.64.240,M089,Branch,Student,2024-11-04 08:09:49,0
262.22,40.0,136.0,1.0,5711.71,TX000571,AC00424,2023-07-13 17:48:24,Credit,Baltimore,D000006,177.116.108.246,M080,ATM,Engineer,2024-11-04 08:12:12,1
41.49,24.0,13.0,1.0,928.33,TX000572,AC00434,2023-04-24 16:47:20,Debit,Albuquerque,D000422,32.71.250.58,M027,Online,Student,2024-11-04 08:12:03,0
295.64,21.0,82.0,1.0,1061.96,TX000583,AC00475,2023-12-14 17:31:18,Debit,Jacksonville,D000225,170.225.23.251,M021,Online,Student,2024-11-04 08:10:41,0
94.59,39.0,34.0,1.0,6171.89,TX000586,AC00362,2023-12-01 17:04:00,Debit,Washington,D000270,47.82.77.181,M085,Online,Doctor,2024-11-04 08:10:37,0
518.85,22.0,82.0,1.0,1806.0,TX000590,AC00144,2023-10-23 18:37:47,Debit,Kansas City,D000100,73.54.203.165,M038,Online,Student,2024-11-04 08:06:37,2
198.62,27.0,84.00000000000001,1.0,1196.07,TX000592,AC00057,2023-05-15 16:19:14,Credit,Tucson,D000378,97.4.209.133,M079,Branch,Student,2024-11-04 08:06:38,1
107.03,27.0,73.0,1.0,1408.07,TX000593,AC00426,2023-03-06 18:27:13,Debit,Miami,D000628,221.23.158.87,M038,Branch,Student,2024-11-04 08:12:13,0
635.4,47.0,106.0,1.0,1238.11,TX000603,AC00107,2023-09-19 16:55:00,Debit,Denver,D000002,215.97.143.157,M018,ATM,Doctor,2024-11-04 08:11:45,2
769.97,22.0,22.999999999999996,1.0,1244.93,TX000604,AC00203,2023-02-16 18:56:44,Debit,San Diego,D000393,24.129.74.189,M058,Branch,Student,2024-11-04 08:09:51,2
175.15,27.0,32.0,1.0,1712.65,TX000607,AC00225,2023-11-09 17:02:41,Debit,Detroit,D000367,16.51.235.240,M090,ATM,Student,2024-11-04 08:09:45,0
266.57,39.0,96.0,1.0,7180.48,TX000629,AC00358,2023-07-03 17:56:59,Credit,Boston,D000058,140.94.123.72,M026,Online,Engineer,2024-11-04 08:07:10,1
9.83,24.0,86.0,1.0,666.42,TX000633,AC00487,2023-07-24 17:04:17,Debit,Memphis,D000054,210.98.198.143,M004,ATM,Student,2024-11-04 08:09:03,1
283.45,27.0,127.0,1.0,2049.51,TX000636,AC00482,2023-10-17 17:24:47,Debit,Colorado Springs,D000399,128.16.32.183,M039,Branch,Engineer,2024-11-04 08:08:51,1
41.51,28.0,48.0,1.0,609.5999999999999,TX000641,AC00170,2023-10-04 16:47:33,Debit,Phoenix,D000688,16.51.235.240,M084,Online,Student,2024-11-04 08:11:54,0
235.4,28.0,70.0,1.0,818.3599999999999,TX000644,AC00131,2023-09-26 17:02:25,Debit,Detroit,D000141,73.108.76.238,M038,Branch,Student,2024-11-04 08:10:13,0
159.32,18.0,100.00000000000001,1.0,304.44,TX000645,AC00176,2023-01-16 18:57:13,Debit,Seattle,D000446,37.227.215.145,M033,Branch,Student,2024-11-04 08:10:32,1
20.22,43.0,138.0,1.0,5515.32,TX000648,AC00276,2023-03-10 18:26:19,Debit,Jacksonville,D000123,170.225.23.251,M003,ATM,Engineer,2024-11-04 08:06:32,1
50.4,36.0,84.00000000000001,1.0,1677.01,TX000649,AC00447,2023-03-27 17:02:44,Debit,San Antonio,D000565,44.197.126.59,M079,Branch,Doctor,2024-11-04 08:07:17,1
443.68,18.0,137.0,1.0,874.1499999999999,TX000658,AC00071,2023-04-25 18:58:32,Debit,Tucson,D000400,16.94.155.46,M012,ATM,Student,2024-11-04 08:10:26,1
101.76,31.0,26.0,1.0,6043.25,TX000659,AC00054,2023-02-20 17:27:24,Debit,Philadelphia,D000374,78.69.172.205,M071,Branch,Doctor,2024-11-04 08:11:08,0
67.57,37.0,107.0,1.0,2766.12,TX000660,AC00182,2023-08-17 16:44:38,Debit,Charlotte,D000498,165.35.58.173,M093,Branch,Engineer,2024-11-04 08:11:15,1
158.56,33.0,100.00000000000001,1.0,5401.21,TX000662,AC00006,2023-02-28 17:28:13,Debit,Sacramento,D000027,218.238.171.184,M087,ATM,Doctor,2024-11-04 08:10:48,1
56.02,27.0,142.0,1.0,3548.02,TX000663,AC00424,2023-06-19 17:50:29,Debit,Memphis,D000455,81.248.235.147,M003,Online,Student,2024-11-04 08:07:58,1
288.28,27.0,36.0,1.0,160.83,TX000664,AC00131,2023-01-17 17:11:24,Debit,Portland,D000127,191.25.177.160,M087,Online,Student,2024-11-04 08:06:33,0
245.67,24.0,107.0,1.0,752.2499999999999,TX000665,AC00133,2023-01-02 18:35:07,Credit,Portland,D000097,3.77.114.6,M088,Branch,Student,2024-11-04 08:07:45,1
114.35,41.0,21.000000000000004,1.0,469.12,TX000667,AC00361,2023-11-27 16:16:19,Credit,El Paso,D000264,193.221.15.59,M025,Branch,Engineer,2024-11-04 08:10:13,0
13.52,26.0,65.0,1.0,259.77,TX000676,AC00286,2023-05-15 16:51:28,Debit,Seattle,D000584,167.67.137.223,M001,ATM,Student,2024-11-04 08:06:30,0
10.07,24.0,49.0,1.0,530.81,TX000683,AC00312,2023-01-17 16:47:41,Debit,Albuquerque,D000494,23.92.205.75,M029,Online,Student,2024-11-04 08:08:57,0
42.42,21.0,102.0,1.0,490.57,TX000688,AC00330,2023-06-01 17:19:57,Debit,Sacramento,D000068,61.95.76.233,M042,Online,Student,2024-11-04 08:09:11,1
278.27,29.0,123.0,1.0,6684.34,TX000698,AC00026,2023-04-10 16:47:55,Debit,Tucson,D000141,87.234.36.48,M027,Branch,Doctor,2024-11-04 08:09:58,1
365.04,22.0,94.0,1.0,873.8899999999999,TX000701,AC00367,2023-03-06 16:29:57,Debit,Virginia Beach,D000232,86.220.59.252,M003,Branch,Student,2024-11-04 08:12:08,2
642.54,44.0,28.0,1.0,3143.17,TX000707,AC00004,2023-05-10 18:49:20,Debit,Milwaukee,D000663,166.79.195.157,M025,Branch,Engineer,2024-11-04 08:10:37,2
210.45,27.0,146.0,1.0,1242.49,TX000708,AC00442,2023-12-11 16:47:05,Debit,Las Vegas,D000547,144.91.150.133,M011,ATM,Student,2024-11-04 08:06:24,1
99.76,26.0,131.0,1.0,416.89,TX000710,AC00462,2023-08-07 16:21:37,Debit,Sacramento,D000501,38.164.132.63,M039,Branch,Student,2024-11-04 08:06:26,1
33.61,23.0,72.0,1.0,479.08,TX000712,AC00297,2023-08-21 17:25:00,Debit,Milwaukee,D000116,142.184.68.230,M014,Online,Student,2024-11-04 08:08:40,0
498.59,33.0,32.0,1.0,5862.99,TX000713,AC00173,2023-01-30 16:20:26,Credit,Oklahoma City,D000604,93.169.212.219,M032,Online,Doctor,2024-11-04 08:06:58,0
98.81,27.0,91.0,1.0,797.1,TX000714,AC00382,2023-09-04 16:48:13,Debit,San Francisco,D000430,38.210.156.148,M047,Branch,Student,2024-11-04 08:08:11,1
194.29,39.0,10.0,1.0,2988.41,TX000717,AC00219,2023-01-23 16:05:42,Credit,Seattle,D000307,160.65.101.37,M059,Branch,Engineer,2024-11-04 08:08:57,0
105.53,24.0,88.0,1.0,1433.66,TX000719,AC00467,2023-06-16 16:36:20,Debit,Colorado Springs,D000003,53.131.194.183,M026,Online,Student,2024-11-04 08:10:14,1
39.11,26.0,143.0,1.0,518.54,TX000725,AC00279,2023-09-01 18:05:37,Debit,Columbus,D000241,196.121.240.10,M052,Online,Student,2024-11-04 08:08:27,1
137.49,34.0,50.00000000000001,1.0,4471.05,TX000728,AC00012,2023-07-26 16:54:08,Debit,Fort Worth,D000159,42.61.10.112,M040,ATM,Engineer,2024-11-04 08:07:04,0
504.71,29.0,61.00000000000001,1.0,6214.54,TX000729,AC00244,2023-04-10 18:27:51,Debit,Detroit,D000009,24.148.92.177,M060,Online,Engineer,2024-11-04 08:08:37,2
371.47,24.0,58.00000000000001,1.0,1187.04,TX000730,AC00395,2023-05-30 16:15:10,Credit,Milwaukee,D000661,32.71.250.58,M097,Branch,Student,2024-11-04 08:07:09,0
230.32,35.0,56.0,1.0,791.46,TX000732,AC00394,2023-05-15 18:15:33,Debit,Las Vegas,D000272,49.174.157.140,M015,Branch,Engineer,2024-11-04 08:08:34,0
117.55,24.0,35.0,1.0,897.94,TX000735,AC00011,2023-05-19 16:35:07,Debit,Fresno,D000088,4.101.189.38,M046,ATM,Student,2024-11-04 08:11:13,0
321.93,45.0,12.0,1.0,4392.73,TX000737,AC00181,2023-12-04 18:27:11,Debit,Nashville,D000083,45.241.13.208,M092,ATM,Engineer,2024-11-04 08:07:51,0
283.23,40.0,98.0,1.0,2008.7700000000002,TX000739,AC00288,2023-02-06 16:48:45,Debit,El Paso,D000695,146.69.70.214,M061,Online,Engineer,2024-11-04 08:07:38,1
346.65,30.0,60.00000000000001,1.0,6356.96,TX000740,AC00014,2024-01-01 16:17:13,Debit,Washington,D000077,43.98.242.106,M062,Online,Engineer,2024-11-04 08:06:58,0
73.95,26.0,75.99999999999999,1.0,363.92,TX000747,AC00110,2023-11-03 16:39:45,Debit,Kansas City,D000337,6.204.110.7,M012,ATM,Student,2024-11-04 08:07:22,0
217.61,19.0,45.0,1.0,1404.53,TX000749,AC00145,2023-03-16 17:36:31,Debit,Chicago,D000172,216.32.4.105,M025,ATM,Student,2024-11-04 08:10:08,0
56.35,44.0,75.0,1.0,5095.73,TX000751,AC00282,2023-02-09 16:09:00,Debit,Charlotte,D000266,166.79.195.157,M033,ATM,Doctor,2024-11-04 08:07:36,0
236.81,22.0,15.0,1.0,813.68,TX000759,AC00156,2023-10-26 16:59:55,Debit,Oklahoma City,D000274,189.168.172.41,M013,Branch,Student,2024-11-04 08:07:18,0
417.8,27.0,130.0,1.0,1518.82,TX000760,AC00005,2023-06-26 16:21:14,Credit,Philadelphia,D000630,49.31.186.82,M066,Branch,Student,2024-11-04 08:09:17,1
542.72,43.0,91.99999999999999,1.0,6011.8,TX000765,AC00329,2023-09-04 18:37:57,Credit,Indianapolis,D000573,34.86.220.205,M100,Branch,Doctor,2024-11-04 08:08:53,2
158.41,28.0,16.0,1.0,1512.16,TX000771,AC00324,2023-02-09 16:28:58,Debit,Sacramento,D000122,188.225.207.71,M013,Branch,Student,2024-11-04 08:10:03,0
345.54,29.0,50.00000000000001,1.0,2091.78,TX000785,AC00107,2023-01-24 16:05:40,Debit,San Diego,D000054,215.97.143.157,M050,Online,Engineer,2024-11-04 08:11:09,0
92.36,29.0,144.0,1.0,6353.14,TX000790,AC00342,2023-03-27 16:48:34,Debit,Dallas,D000598,3.200.166.167,M092,ATM,Engineer,2024-11-04 08:07:55,1
182.79,23.0,14.0,1.0,1251.85,TX000800,AC00166,2023-10-25 16:21:15,Credit,Louisville,D000499,35.73.67.98,M013,Online,Student,2024-11-04 08:06:54,0
24.77,40.0,17.0,1.0,478.23,TX000807,AC00053,2023-11-01 16:55:58,Credit,Nashville,D000449,223.32.70.156,M002,Online,Engineer,2024-11-04 08:07:20,0
115.22,27.0,107.99999999999999,1.0,906.1999999999999,TX000812,AC00227,2023-12-08 17:05:33,Debit,San Francisco,D000185,76.0.164.168,M063,Branch,Engineer,2024-11-04 08:09:07,1
24.19,29.0,28.0,1.0,2756.2,TX000817,AC00050,2023-02-08 17:33:08,Debit,San Diego,D000099,186.135.2.148,M061,ATM,Engineer,2024-11-04 08:07:26,0
586.85,36.0,86.0,1.0,6655.15,TX000818,AC00129,2023-08-15 16:57:27,Debit,Mesa,D000515,187.199.178.27,M014,ATM,Doctor,2024-11-04 08:12:18,2
63.17,20.0,148.0,1.0,1676.57,TX000820,AC00452,2023-07-25 18:28:57,Debit,Fresno,D000647,113.137.153.101,M039,ATM,Student,2024-11-04 08:07:18,1
48.78,18.0,136.0,1.0,552.06,TX000823,AC00188,2023-08-11 16:43:41,Credit,Kansas City,D000071,112.222.0.29,M006,Branch,Student,2024-11-04 08:10:11,1
81.27,22.0,68.00000000000001,1.0,1814.48,TX000834,AC00307,2023-11-07 16:36:34,Credit,Seattle,D000228,201.95.180.152,M051,Online,Student,2024-11-04 08:10:47,0
644.08,24.0,55.0,1.0,1980.62,TX000842,AC00362,2023-05-08 17:29:00,Debit,Atlanta,D000377,57.232.212.116,M018,Online,Student,2024-11-04 08:07:18,2
214.83,23.0,63.0,1.0,991.6899999999999,TX000848,AC00363,2023-03-20 18:12:30,Credit,Tucson,D000228,205.45.234.42,M009,ATM,Student,2024-11-04 08:11:45,0
194.99,34.0,91.0,1.0,1370.03,TX000850,AC00370,2023-12-01 17:01:30,Debit,Jacksonville,D000442,173.232.121.213,M097,Branch,Engineer,2024-11-04 08:07:50,1
259.9,26.0,100.00000000000001,1.0,914.2799999999999,TX000853,AC00068,2023-06-22 16:08:43,Debit,Oklahoma City,D000551,14.200.197.126,M083,Online,Student,2024-11-04 08:07:29,1
11.81,21.0,131.0,1.0,320.25,TX000858,AC00327,2023-02-27 16:07:38,Debit,Phoenix,D000295,96.162.11.85,M072,ATM,Student,2024-11-04 08:07:53,1
141.8,18.0,116.00000000000001,1.0,1697.67,TX000862,AC00383,2023-11-15 18:56:02,Debit,Chicago,D000046,184.4.253.143,M088,ATM,Student,2024-11-04 08:08:34,1
267.55,46.0,40.0,1.0,4330.04,TX000870,AC00399,2023-06-13 16:06:05,Debit,Charlotte,D000138,170.99.15.217,M084,Online,Engineer,2024-11-04 08:12:03,0
870.05,29.0,39.0,1.0,905.2499999999999,TX000871,AC00182,2023-08-31 16:42:18,Debit,El Paso,D000098,80.90.35.146,M077,ATM,Doctor,2024-11-04 08:11:02,2
183.32,21.0,74.0,1.0,137.42,TX000884,AC00448,2023-05-10 16:27:51,Debit,Raleigh,D000450,162.207.77.170,M041,ATM,Student,2024-11-04 08:09:31,0
11.46,41.0,128.0,1.0,2356.71,TX000886,AC00133,2023-02-13 16:53:17,Credit,San Francisco,D000315,13.188.62.74,M092,Online,Engineer,2024-11-04 08:09:16,1
110.08,19.0,95.0,1.0,1447.26,TX000895,AC00133,2023-11-20 17:15:13,Debit,Detroit,D000560,207.157.126.125,M059,Branch,Student,2024-11-04 08:08:19,1
54.47,23.0,34.0,1.0,1131.42,TX000896,AC00357,2023-11-13 17:47:07,Credit,Philadelphia,D000434,190.92.63.219,M100,Branch,Student,2024-11-04 08:11:15,0
16.79,30.0,146.0,1.0,535.15,TX000898,AC00390,2023-11-06 16:42:34,Credit,Detroit,D000317,204.120.80.105,M023,Online,Doctor,2024-11-04 08:11:01,1
643.38,18.0,105.0,1.0,1046.74,TX000902,AC00363,2023-11-06 17:19:21,Credit,Detroit,D000251,107.247.202.71,M044,Online,Student,2024-11-04 08:12:01,2
328.34,42.0,30.999999999999996,1.0,2840.45,TX000903,AC00385,2023-10-12 16:17:47,Credit,San Diego,D000245,106.244.1.47,M014,Online,Engineer,2024-11-04 08:09:00,0
653.97,37.0,100.00000000000001,1.0,3886.65,TX000908,AC00264,2023-10-04 17:41:08,Debit,Miami,D000464,141.241.241.128,M067,Online,Engineer,2024-11-04 08:11:57,2
366.43,21.0,91.99999999999999,1.0,1560.45,TX000909,AC00076,2023-01-30 16:38:59,Credit,Portland,D000069,40.244.94.218,M080,Online,Student,2024-11-04 08:09:38,2
471.84,18.0,138.0,1.0,1044.33,TX000912,AC00222,2023-09-29 17:31:24,Debit,Raleigh,D000163,137.33.78.168,M080,ATM,Student,2024-11-04 08:08:45,1
672.74,46.0,118.0,1.0,5386.52,TX000920,AC00280,2023-08-10 16:39:33,Credit,Colorado Springs,D000033,169.67.220.37,M068,Branch,Engineer,2024-11-04 08:11:42,2
74.04,18.0,66.0,1.0,1690.23,TX000921,AC00352,2023-02-23 18:23:29,Debit,Memphis,D000103,188.124.181.12,M094,Online,Student,2024-11-04 08:11:29,0
197.18,28.0,135.0,1.0,3114.92,TX000922,AC00495,2023-05-09 16:47:42,Debit,Tucson,D000042,189.20.224.220,M011,Online,Engineer,2024-11-04 08:10:02,1
148.0,20.0,35.0,1.0,1488.65,TX000928,AC00354,2023-01-23 16:48:16,Debit,Tucson,D000530,38.164.132.63,M065,Branch,Student,2024-11-04 08:06:39,0
22.26,19.0,56.0,1.0,5583.88,TX000929,AC00479,2023-01-30 18:50:00,Debit,San Antonio,D000028,211.45.75.44,M057,Branch,Student,2024-11-04 08:08:53,0
0.86,25.0,139.0,1.0,1357.22,TX000930,AC00329,2023-02-13 17:49:27,Debit,Colorado Springs,D000082,120.16.186.17,M050,ATM,Student,2024-11-04 08:12:22,1
38.81,25.0,145.0,1.0,1619.6,TX000932,AC00050,2023-04-28 18:52:30,Credit,Virginia Beach,D000285,120.32.147.210,M001,Online,Student,2024-11-04 08:12:12,1
20.64,22.0,59.00000000000001,1.0,949.38,TX000936,AC00320,2023-04-20 16:01:05,Debit,Charlotte,D000063,197.23.128.119,M079,Branch,Student,2024-11-04 08:09:17,0
214.73,46.0,26.0,1.0,5368.42,TX000940,AC00157,2023-11-10 18:28:09,Credit,Los Angeles,D000104,57.166.147.242,M061,ATM,Doctor,2024-11-04 08:07:39,0
617.66,41.0,40.0,1.0,5906.58,TX000942,AC00182,2023-01-30 16:34:16,Debit,Memphis,D000116,100.4.40.132,M036,ATM,Engineer,2024-11-04 08:10:17,2
11.04,30.0,43.0,1.0,6983.04,TX000945,AC00459,2023-02-13 18:17:28,Debit,Phoenix,D000638,168.36.49.167,M036,Online,Engineer,2024-11-04 08:10:40,0
375.45,19.0,32.0,1.0,1307.23,TX000950,AC00236,2023-12-05 17:57:39,Debit,Fort Worth,D000310,5.252.94.135,M015,Branch,Student,2024-11-04 08:08:31,0
492.84,25.0,37.99999999999999,1.0,577.67,TX000952,AC00017,2023-03-01 17:43:22,Debit,Indianapolis,D000514,81.248.235.147,M081,ATM,Student,2024-11-04 08:09:23,0
185.99,41.0,53.00000000000001,1.0,402.45,TX000956,AC00225,2023-04-24 16:49:48,Credit,Fresno,D000674,39.129.125.110,M026,Branch,Engineer,2024-11-04 08:09:44,0
322.48,27.0,57.0,1.0,1238.43,TX000957,AC00355,2023-03-13 16:10:41,Debit,Jacksonville,D000649,210.136.14.108,M066,ATM,Student,2024-11-04 08:11:25,0
20.27,18.0,22.0,1.0,796.3499999999999,TX000958,AC00217,2023-12-04 16:27:40,Debit,Miami,D000649,86.103.2.29,M065,Branch,Student,2024-11-04 08:09:38,0
55.86,39.0,68.00000000000001,1.0,5346.46,TX000963,AC00124,2023-01-23 17:18:16,Debit,Seattle,D000211,200.136.146.93,M007,Online,Engineer,2024-11-04 08:06:59,0
95.55,33.0,51.00000000000001,1.0,2434.74,TX000965,AC00297,2023-04-10 16:25:15,Debit,Louisville,D000595,42.3.3.101,M060,Branch,Engineer,2024-11-04 08:10:13,0
278.28,28.0,26.0,1.0,1346.88,TX000969,AC00487,2023-10-02 16:20:52,Debit,Jacksonville,D000038,148.42.122.1,M097,Branch,Student,2024-11-04 08:07:37,0
37.7,20.0,109.0,1.0,1741.1,TX000973,AC00304,2023-06-29 16:04:17,Debit,Miami,D000344,167.67.137.223,M038,ATM,Student,2024-11-04 08:12:08,1
397.01,22.0,100.00000000000001,1.0,719.52,TX000978,AC00033,2023-08-07 17:45:52,Debit,Los Angeles,D000044,92.180.81.50,M058,ATM,Student,2024-11-04 08:06:31,2
16.73,45.0,48.0,1.0,2202.62,TX001001,AC00345,2023-02-22 17:39:54,Debit,Houston,D000411,27.215.118.94,M073,Online,Engineer,2024-11-04 08:09:36,0
15.74,27.0,37.99999999999999,1.0,690.16,TX001006,AC00190,2023-01-09 16:05:02,Debit,Denver,D000064,136.250.159.93,M051,Branch,Student,2024-11-04 08:10:02,0
273.92,28.0,35.0,1.0,1029.15,TX001011,AC00247,2023-05-08 17:54:56,Debit,Virginia Beach,D000602,101.90.40.193,M086,Online,Student,2024-11-04 08:09:46,0
420.6,26.0,55.0,1.0,1778.75,TX001014,AC00414,2023-04-17 16:10:19,Debit,Louisville,D000124,189.183.50.147,M086,Branch,Student,2024-11-04 08:09:30,0
688.36,23.0,22.0,1.0,5191.13,TX001015,AC00011,2023-06-30 16:31:49,Credit,Memphis,D000235,200.136.146.93,M007,Branch,Student,2024-11-04 08:11:05,2
377.08,26.0,71.0,1.0,6430.86,TX001022,AC00083,2023-02-15 17:33:23,Credit,Mesa,D000124,136.162.111.135,M090,Branch,Student,2024-11-04 08:10:33,2
126.6,22.0,146.0,1.0,961.6499999999999,TX001025,AC00361,2023-05-26 16:00:45,Debit,San Antonio,D000634,221.206.44.63,M031,Branch,Student,2024-11-04 08:08:35,1
101.34,24.0,45.99999999999999,1.0,703.2599999999999,TX001026,AC00214,2023-03-03 17:49:53,Debit,Boston,D000501,147.227.81.224,M068,ATM,Student,2024-11-04 08:10:15,0
516.47,25.0,94.0,1.0,1305.06,TX001029,AC00002,2023-12-21 17:00:50,Credit,Charlotte,D000420,59.132.247.252,M026,ATM,Student,2024-11-04 08:09:51,2
880.04,25.0,29.000000000000004,1.0,261.97,TX001030,AC00337,2023-10-30 18:58:42,Debit,Sacramento,D000057,66.255.7.16,M093,ATM,Student,2024-11-04 08:07:37,2
66.69,25.0,140.0,1.0,1210.33,TX001032,AC00258,2023-11-01 16:03:17,Credit,San Antonio,D000624,52.50.209.49,M043,Branch,Student,2024-11-04 08:07:16,1
43.91,27.0,86.0,1.0,1806.68,TX001034,AC00032,2023-08-17 18:31:23,Debit,Albuquerque,D000515,149.84.108.18,M073,Online,Student,2024-11-04 08:12:22,1
617.66,42.0,128.0,1.0,7155.95,TX001036,AC00485,2023-02-16 17:05:58,Debit,Boston,D000253,34.169.232.37,M057,ATM,Engineer,2024-11-04 08:08:03,2
107.48,22.0,129.0,1.0,591.2299999999999,TX001038,AC00005,2023-12-04 18:01:53,Debit,Omaha,D000221,44.73.3.217,M080,Branch,Student,2024-11-04 08:08:11,1
575.62,43.0,129.0,1.0,234.40999999999997,TX001040,AC00284,2023-06-12 18:30:51,Debit,Oklahoma City,D000682,116.175.11.222,M081,Online,Doctor,2024-11-04 08:11:33,2
84.89,37.0,70.0,1.0,4735.61,TX001041,AC00024,2023-05-22 17:27:11,Debit,San Jose,D000618,201.113.165.203,M018,ATM,Engineer,2024-11-04 08:12:16,0
62.86000000000001,25.0,30.999999999999996,1.0,1040.43,TX001051,AC00420,2023-05-08 16:24:00,Debit,Houston,D000271,200.136.146.93,M090,Branch,Student,2024-11-04 08:10:33,0
168.0,32.0,11.0,1.0,3498.58,TX001053,AC00022,2023-08-24 16:01:40,Credit,Tucson,D000669,72.128.135.172,M053,Branch,Engineer,2024-11-04 08:12:20,0
130.4,45.0,63.0,1.0,4381.24,TX001062,AC00089,2023-04-03 16:31:32,Debit,Raleigh,D000373,163.129.70.210,M024,Branch,Engineer,2024-11-04 08:09:41,0
68.1,20.0,47.0,1.0,1382.8,TX001063,AC00456,2023-01-02 16:00:06,Debit,Milwaukee,D000235,94.227.164.192,M089,ATM,Student,2024-11-04 08:10:15,0
212.88,39.0,122.0,1.0,7036.72,TX001066,AC00041,2023-05-19 18:44:23,Debit,Fresno,D000663,184.146.10.88,M062,Online,Doctor,2024-11-04 08:11:36,1
88.38,30.0,138.0,1.0,3707.82,TX001067,AC00458,2023-01-17 16:10:33,Debit,Virginia Beach,D000100,19.20.13.234,M026,ATM,Engineer,2024-11-04 08:08:14,1
48.77,42.0,51.00000000000001,1.0,2040.1600000000003,TX001068,AC00248,2023-06-15 17:49:07,Credit,Austin,D000273,110.247.153.70,M013,Online,Engineer,2024-11-04 08:08:21,0
390.09,26.0,49.0,1.0,2617.23,TX001070,AC00065,2023-10-09 16:52:40,Debit,El Paso,D000589,48.89.167.189,M057,Online,Engineer,2024-11-04 08:10:14,0
82.17,28.0,21.000000000000004,1.0,1913.06,TX001077,AC00345,2023-12-18 18:25:05,Debit,Fort Worth,D000669,130.29.230.16,M096,Branch,Student,2024-11-04 08:09:37,0
447.42,32.0,65.0,1.0,6133.22,TX001079,AC00332,2023-12-18 16:32:56,Debit,Charlotte,D000279,213.15.9.253,M056,Online,Engineer,2024-11-04 08:08:15,2
590.26,25.0,48.0,1.0,1068.28,TX001080,AC00448,2023-06-19 16:20:40,Credit,Austin,D000519,168.55.35.243,M089,Branch,Student,2024-11-04 08:08:42,2
51.22,23.0,82.0,1.0,1664.59,TX001089,AC00362,2023-06-29 16:11:08,Debit,Fresno,D000083,49.29.37.185,M040,Branch,Student,2024-11-04 08:10:07,1
82.67,26.0,45.99999999999999,1.0,290.59,TX001097,AC00444,2023-08-25 16:40:17,Debit,Milwaukee,D000466,185.23.87.107,M014,Branch,Student,2024-11-04 08:07:11,0
543.47,18.0,122.0,1.0,6165.03,TX001100,AC00456,2023-08-14 17:18:07,Debit,Los Angeles,D000388,160.212.125.105,M092,ATM,Student,2024-11-04 08:11:42,2
346.76,21.0,116.00000000000001,1.0,1637.75,TX001101,AC00271,2023-12-29 16:32:37,Credit,San Jose,D000299,39.129.125.110,M055,Branch,Student,2024-11-04 08:09:55,1
47.48,24.0,66.0,1.0,585.5199999999999,TX001102,AC00462,2023-02-20 16:47:23,Debit,El Paso,D000198,196.244.194.198,M027,Branch,Student,2024-11-04 08:08:50,0
350.72,28.0,48.0,1.0,1982.8999999999999,TX001104,AC00189,2023-08-02 16:37:39,Credit,Fresno,D000679,46.150.175.171,M035,ATM,Student,2024-11-04 08:07:16,0
22.54,26.0,42.00000000000001,1.0,7139.11,TX001106,AC00057,2023-08-29 16:19:14,Debit,El Paso,D000075,161.161.26.115,M044,Online,Engineer,2024-11-04 08:10:34,0
167.47,35.0,103.0,1.0,2293.13,TX001108,AC00209,2023-12-01 17:45:19,Debit,Sacramento,D000002,175.166.115.182,M024,ATM,Engineer,2024-11-04 08:12:04,1
390.77,44.0,34.0,1.0,5500.56,TX001111,AC00345,2023-10-30 16:02:32,Debit,Portland,D000548,180.224.54.115,M045,Online,Doctor,2024-11-04 08:09:06,0
508.15999999999997,39.0,131.0,1.0,5609.44,TX001112,AC00254,2023-03-28 18:19:10,Debit,Mesa,D000010,7.28.148.225,M038,ATM,Engineer,2024-11-04 08:09:54,2
332.33,27.0,101.0,1.0,192.63,TX001114,AC00451,2023-06-20 17:05:38,Debit,Kansas City,D000128,52.1.78.30,M039,ATM,Student,2024-11-04 08:11:27,1
362.09,32.0,30.999999999999996,1.0,6590.28,TX001115,AC00061,2023-02-27 16:59:07,Debit,New York,D000449,187.52.200.18,M093,Branch,Engineer,2024-11-04 08:07:38,0
248.65999999999997,28.0,113.0,1.0,2571.39,TX001118,AC00122,2023-02-03 17:46:54,Debit,Chicago,D000129,175.166.115.182,M058,Online,Engineer,2024-11-04 08:11:30,1
125.14,20.0,30.999999999999996,1.0,1845.18,TX001124,AC00369,2023-08-28 17:19:18,Debit,Baltimore,D000133,48.89.167.189,M080,Branch,Student,2024-11-04 08:10:42,0
4.72,32.0,20.0,1.0,4792.01,TX001128,AC00415,2023-04-17 16:03:52,Debit,Fort Worth,D000610,45.64.74.86,M051,Branch,Engineer,2024-11-04 08:09:28,0
144.93,42.0,74.0,1.0,6887.52,TX001129,AC00279,2023-05-16 16:32:00,Debit,Fresno,D000136,141.121.30.32,M093,Branch,Engineer,2024-11-04 08:09:18,0
9.18,22.0,140.0,1.0,887.3199999999999,TX001131,AC00306,2023-07-06 18:10:59,Debit,San Francisco,D000535,82.88.241.226,M096,Online,Student,2024-11-04 08:09:48,1
421.25,25.0,66.0,1.0,7174.69,TX001132,AC00164,2023-01-05 16:13:59,Debit,Fort Worth,D000422,156.134.123.253,M007,Online,Student,2024-11-04 08:07:46,2
42.72,37.0,143.0,1.0,2669.66,TX001141,AC00286,2023-08-17 16:55:10,Debit,Nashville,D000193,186.135.2.148,M001,ATM,Engineer,2024-11-04 08:06:59,1
568.88,19.0,105.0,1.0,1307.86,TX001143,AC00331,2023-02-10 16:28:47,Debit,Nashville,D000321,213.15.9.253,M076,Branch,Student,2024-11-04 08:08:34,2
189.03,28.0,50.00000000000001,1.0,1916.46,TX001144,AC00258,2023-04-20 17:54:10,Debit,Oklahoma City,D000074,41.82.55.163,M046,ATM,Student,2024-11-04 08:09:07,0
161.1,19.0,104.0,1.0,239.11999999999998,TX001166,AC00393,2023-04-10 17:28:48,Credit,Miami,D000001,117.67.192.211,M002,ATM,Student,2024-11-04 08:10:34,1
202.55,21.0,34.0,2.0,701.7299999999999,TX001169,AC00120,2023-11-14 18:49:52,Debit,Dallas,D000028,51.250.46.149,M029,ATM,Student,2024-11-04 08:09:12,0
124.98,24.0,78.0,1.0,641.9999999999999,TX001171,AC00410,2023-02-21 16:52:16,Debit,Washington,D000424,40.192.99.27,M062,ATM,Student,2024-11-04 08:08:27,0
39.41,25.0,132.0,1.0,921.91,TX001175,AC00462,2023-11-27 16:27:56,Debit,Louisville,D000356,58.190.9.136,M030,Branch,Student,2024-11-04 08:11:02,1
254.00000000000003,35.0,63.0,1.0,5788.53,TX001176,AC00267,2023-05-15 17:33:32,Debit,Nashville,D000436,49.31.186.82,M098,Branch,Doctor,2024-11-04 08:08:07,0
643.03,36.0,52.00000000000001,1.0,2882.16,TX001189,AC00126,2023-08-01 16:23:37,Credit,Jacksonville,D000384,104.155.121.252,M002,Online,Engineer,2024-11-04 08:08:22,2
499.47999999999996,24.0,133.0,1.0,1242.62,TX001192,AC00339,2023-01-17 16:57:06,Debit,Charlotte,D000242,200.13.225.150,M012,ATM,Student,2024-11-04 08:08:44,2
161.31,28.0,13.0,1.0,1268.67,TX001200,AC00303,2023-09-11 16:24:57,Debit,Nashville,D000577,34.86.220.205,M051,ATM,Student,2024-11-04 08:08:54,0
48.05,27.0,37.99999999999999,1.0,5334.97,TX001204,AC00490,2023-05-18 17:34:20,Debit,New York,D000668,125.225.212.244,M060,Branch,Engineer,2024-11-04 08:09:07,0
220.2,28.0,102.0,1.0,1075.15,TX001209,AC00267,2023-09-11 16:25:04,Debit,Boston,D000288,23.255.214.209,M047,Online,Student,2024-11-04 08:11:18,1
141.91,23.0,49.0,1.0,791.9699999999999,TX001211,AC00428,2023-01-19 17:08:04,Debit,Miami,D000069,152.234.65.155,M051,Branch,Student,2024-11-04 08:09:42,0
95.83,27.0,91.0,1.0,1726.4,TX001212,AC00477,2023-12-01 16:01:26,Debit,Washington,D000089,133.67.250.163,M070,Online,Student,2024-11-04 08:08:23,1
293.54,40.0,45.0,1.0,2290.1,TX001217,AC00433,2023-01-16 17:26:12,Debit,Sacramento,D000255,16.94.155.46,M026,Online,Engineer,2024-11-04 08:08:24,0
285.26,28.0,93.0,1.0,167.72,TX001219,AC00398,2023-11-01 16:09:05,Debit,Atlanta,D000137,64.57.44.102,M062,ATM,Student,2024-11-04 08:11:15,1
297.86,28.0,96.0,1.0,1680.14,TX001222,AC00431,2023-02-06 17:32:04,Credit,Milwaukee,D000419,205.45.234.42,M070,ATM,Student,2024-11-04 08:11:40,1
295.82,47.0,45.99999999999999,1.0,5897.73,TX001224,AC00093,2023-12-14 16:15:28,Credit,Chicago,D000088,144.228.168.6,M041,Branch,Engineer,2024-11-04 08:07:47,0
178.43,26.0,136.0,1.0,1214.93,TX001228,AC00334,2023-12-26 18:13:56,Debit,Baltimore,D000158,1.198.76.182,M041,Branch,Student,2024-11-04 08:07:58,1
605.42,21.0,33.0,1.0,392.34,TX001234,AC00014,2023-06-13 16:10:27,Debit,Mesa,D000488,25.188.196.47,M085,ATM,Student,2024-11-04 08:09:40,2
410.97,22.0,45.0,1.0,151.42,TX001239,AC00244,2023-09-25 17:01:56,Debit,Los Angeles,D000309,148.112.151.27,M026,ATM,Student,2024-11-04 08:11:11,0
36.97,41.0,79.0,1.0,2850.92,TX001240,AC00103,2023-08-23 17:22:49,Debit,Virginia Beach,D000545,175.210.47.87,M087,Branch,Engineer,2024-11-04 08:07:48,0
430.98,24.0,93.0,1.0,569.25,TX001243,AC00494,2023-10-10 18:14:12,Debit,Baltimore,D000176,168.55.199.214,M058,Branch,Student,2024-11-04 08:11:00,2
13.87,24.0,20.0,1.0,954.83,TX001244,AC00219,2023-12-11 18:32:40,Debit,Phoenix,D000670,37.227.215.145,M077,Branch,Student,2024-11-04 08:07:47,0
80.96,19.0,97.0,1.0,959.9399999999999,TX001251,AC00326,2023-09-27 17:47:10,Credit,Jacksonville,D000179,81.248.235.147,M078,Online,Student,2024-11-04 08:06:25,1
95.78,22.0,26.999999999999996,1.0,271.64,TX001252,AC00153,2023-03-23 17:09:53,Debit,Atlanta,D000211,221.23.158.87,M061,Online,Student,2024-11-04 08:09:16,0
603.23,28.0,48.0,1.0,117.98000000000002,TX001259,AC00020,2023-08-24 17:34:13,Debit,Detroit,D000238,38.210.156.148,M017,Branch,Student,2024-11-04 08:08:18,2
421.52,20.0,67.0,1.0,369.86,TX001269,AC00471,2023-08-15 17:35:08,Debit,San Jose,D000035,177.172.184.163,M064,Branch,Student,2024-11-04 08:10:21,2
587.23,27.0,144.0,1.0,500.84,TX001279,AC00297,2023-07-31 17:54:28,Debit,Omaha,D000010,50.202.8.53,M007,Online,Student,2024-11-04 08:09:21,2
451.68,33.0,15.0,1.0,4381.54,TX001288,AC00261,2023-04-18 18:55:32,Debit,Houston,D000113,210.160.90.52,M072,Online,Engineer,2024-11-04 08:09:51,0
355.0,26.0,33.0,1.0,185.47,TX001290,AC00138,2023-08-29 16:50:17,Credit,Fort Worth,D000052,115.241.186.164,M053,Online,Student,2024-11-04 08:10:34,0
254.86,23.0,102.0,1.0,699.8999999999999,TX001292,AC00275,2023-01-26 17:21:46,Debit,Boston,D000296,59.127.135.25,M013,Branch,Student,2024-11-04 08:11:39,1
19.48,27.0,114.0,1.0,4739.59,TX001293,AC00125,2023-07-10 16:01:03,Debit,Dallas,D000674,16.128.130.153,M002,ATM,Engineer,2024-11-04 08:08:46,1
641.06,23.0,25.000000000000004,1.0,1602.13,TX001299,AC00060,2023-12-11 16:09:08,Debit,Colorado Springs,D000057,116.106.207.139,M099,ATM,Student,2024-11-04 08:07:21,2
314.55,27.0,18.999999999999996,2.0,1105.89,TX001300,AC00304,2023-04-25 17:15:27,Credit,Dallas,D000513,40.192.99.27,M001,Branch,Student,2024-11-04 08:07:16,0
28.78,40.0,51.00000000000001,1.0,680.5499999999998,TX001308,AC00024,2023-08-07 16:08:04,Credit,Tucson,D000041,186.135.2.148,M096,Online,Doctor,2024-11-04 08:11:39,0
52.23,28.0,96.0,1.0,105.01,TX001311,AC00032,2023-09-11 18:08:19,Credit,San Francisco,D000088,154.138.163.229,M016,Branch,Student,2024-11-04 08:08:11,1
78.62,32.0,52.00000000000001,1.0,1360.85,TX001312,AC00136,2023-07-31 16:46:29,Debit,Oklahoma City,D000521,80.90.35.146,M084,Branch,Doctor,2024-11-04 08:08:12,0
47.79,25.0,37.0,1.0,1649.92,TX001313,AC00001,2023-09-15 17:00:20,Debit,Denver,D000649,59.12.96.11,M034,Branch,Student,2024-11-04 08:11:55,0
220.23,41.0,48.0,1.0,3438.02,TX001317,AC00125,2023-09-18 18:35:23,Debit,Milwaukee,D000663,19.20.13.234,M059,ATM,Engineer,2024-11-04 08:06:33,0
270.72,38.0,37.0,1.0,6522.47,TX001322,AC00235,2023-03-27 17:25:32,Debit,Los Angeles,D000149,145.76.10.8,M027,Branch,Doctor,2024-11-04 08:12:10,0
202.34,20.0,134.0,1.0,1223.45,TX001323,AC00259,2023-01-10 16:32:06,Debit,New York,D000023,146.250.144.172,M049,Online,Student,2024-11-04 08:11:25,1
840.16,20.0,68.00000000000001,1.0,1236.76,TX001334,AC00250,2023-03-20 16:35:53,Credit,Colorado Springs,D000692,23.163.145.195,M014,Branch,Student,2024-11-04 08:12:12,2
388.07,24.0,68.00000000000001,1.0,289.71,TX001346,AC00204,2023-09-05 17:34:08,Debit,Seattle,D000422,44.197.126.59,M067,Online,Student,2024-11-04 08:10:37,2
787.41,25.0,39.0,1.0,300.87,TX001348,AC00455,2023-06-19 16:22:28,Debit,Memphis,D000351,150.25.200.56,M081,Online,Student,2024-11-04 08:06:44,2
22.3,21.0,90.0,1.0,1200.35,TX001350,AC00185,2023-05-01 16:57:17,Debit,Philadelphia,D000035,133.63.96.21,M030,ATM,Student,2024-11-04 08:12:18,1
174.39,19.0,36.0,1.0,1127.08,TX001360,AC00113,2023-01-09 16:08:52,Debit,San Francisco,D000078,98.255.160.110,M015,ATM,Student,2024-11-04 08:11:01,0
487.16,28.0,84.00000000000001,1.0,321.21,TX001369,AC00316,2023-01-02 16:01:14,Credit,Los Angeles,D000361,156.96.135.18,M077,Branch,Student,2024-11-04 08:12:22,2
356.56,47.0,52.00000000000001,1.0,2485.73,TX001373,AC00116,2023-10-09 17:23:21,Debit,New York,D000399,157.130.28.27,M100,Online,Engineer,2024-11-04 08:11:57,0
211.69,30.0,111.0,1.0,6412.85,TX001375,AC00447,2023-10-20 16:02:07,Debit,Atlanta,D000674,200.13.225.150,M066,Branch,Doctor,2024-11-04 08:07:50,1
69.28,25.0,129.0,1.0,708.7399999999999,TX001387,AC00024,2023-10-30 16:36:24,Debit,Los Angeles,D000379,184.4.253.143,M070,Online,Student,2024-11-04 08:11:01,1
51.25,28.0,66.0,1.0,1744.4,TX001388,AC00441,2023-08-29 16:16:15,Credit,Austin,D000113,101.223.82.253,M044,Branch,Student,2024-11-04 08:11:52,0
459.25,25.0,59.00000000000001,1.0,130.76,TX001390,AC00315,2023-05-23 16:44:33,Debit,Tucson,D000248,28.149.72.129,M043,Branch,Student,2024-11-04 08:11:47,2
145.4,38.0,24.0,1.0,5244.49,TX001395,AC00438,2023-07-06 17:53:38,Debit,Tucson,D000069,49.174.157.140,M044,Online,Engineer,2024-11-04 08:09:52,0
780.59,23.0,145.0,1.0,6513.34,TX001398,AC00141,2023-06-28 17:58:48,Credit,Tucson,D000451,191.25.177.160,M058,Online,Student,2024-11-04 08:07:01,2
279.3,19.0,48.0,1.0,1193.61,TX001404,AC00069,2023-06-22 17:28:02,Debit,Oklahoma City,D000674,77.21.150.75,M079,ATM,Student,2024-11-04 08:07:20,0
611.15,27.0,121.0,1.0,892.8299999999999,TX001406,AC00006,2023-08-11 17:12:30,Debit,Detroit,D000044,51.250.46.149,M009,ATM,Student,2024-11-04 08:09:23,2
22.61,19.0,145.0,1.0,1111.67,TX001411,AC00171,2023-12-21 17:56:04,Debit,Seattle,D000255,76.136.92.235,M099,Online,Student,2024-11-04 08:06:47,1
654.49,25.0,104.0,1.0,164.61,TX001416,AC00136,2023-11-20 16:31:36,Credit,Austin,D000380,167.104.180.235,M060,Online,Student,2024-11-04 08:08:39,2
389.05,27.0,41.0,1.0,761.0,TX001418,AC00368,2023-01-06 17:35:08,Debit,Dallas,D000379,7.105.184.86,M075,ATM,Student,2024-11-04 08:11:28,0
66.91,39.0,85.0,1.0,871.1,TX001421,AC00297,2023-01-30 18:47:17,Debit,Seattle,D000509,51.196.87.214,M047,ATM,Doctor,2024-11-04 08:10:19,1
209.99,19.0,40.0,1.0,1938.0100000000002,TX001428,AC00067,2023-09-07 17:19:21,Debit,Denver,D000381,125.89.163.224,M014,ATM,Student,2024-11-04 08:11:39,0
344.97,34.0,106.0,1.0,5577.94,TX001431,AC00059,2023-03-20 17:30:52,Debit,Austin,D000264,214.67.148.245,M050,Online,Doctor,2024-11-04 08:09:39,1
101.23,45.0,87.0,1.0,6169.71,TX001434,AC00455,2023-08-04 18:34:01,Debit,Colorado Springs,D000696,171.150.178.172,M015,Online,Engineer,2024-11-04 08:06:42,1
180.46,25.0,34.0,1.0,831.7499999999999,TX001435,AC00346,2023-03-13 16:26:30,Debit,Fresno,D000456,147.114.91.132,M001,ATM,Student,2024-11-04 08:11:23,0
107.48,20.0,103.0,1.0,1379.39,TX001438,AC00028,2023-02-07 17:38:18,Debit,Los Angeles,D000624,120.32.147.210,M058,Branch,Student,2024-11-04 08:12:07,1
81.51,25.0,97.0,1.0,865.4899999999999,TX001440,AC00090,2023-08-10 16:10:22,Debit,Washington,D000079,192.95.36.246,M059,Branch,Student,2024-11-04 08:07:15,1
169.28,45.0,114.0,1.0,5128.44,TX001445,AC00245,2023-03-27 18:08:06,Debit,Philadelphia,D000227,218.238.171.184,M057,Branch,Doctor,2024-11-04 08:11:54,1
155.53,29.0,66.0,1.0,4008.05,TX001447,AC00061,2023-03-24 17:04:32,Debit,Baltimore,D000507,77.21.150.75,M041,ATM,Engineer,2024-11-04 08:08:36,0
55.99,35.0,95.0,1.0,932.61,TX001455,AC00162,2023-11-13 16:16:24,Debit,El Paso,D000525,215.97.143.157,M037,ATM,Doctor,2024-11-04 08:07:20,1
659.71,21.0,148.0,1.0,106.86,TX001460,AC00460,2023-05-05 16:10:24,Credit,San Jose,D000095,150.83.4.238,M052,Branch,Student,2024-11-04 08:09:32,2
73.35,24.0,47.0,1.0,1181.84,TX001467,AC00015,2023-03-13 16:33:49,Debit,San Francisco,D000340,9.230.41.239,M093,Branch,Student,2024-11-04 08:09:57,0
307.24,19.0,136.0,2.0,1670.72,TX001469,AC00396,2023-11-02 16:05:49,Debit,San Jose,D000584,17.87.7.140,M096,ATM,Student,2024-11-04 08:09:50,1
50.52,20.0,140.0,1.0,1121.19,TX001470,AC00174,2023-10-16 16:29:39,Debit,Boston,D000377,151.247.130.190,M029,Online,Student,2024-11-04 08:09:12,1
52.94,41.0,146.0,1.0,6990.92,TX001473,AC00373,2023-06-12 17:36:25,Debit,Tucson,D000160,98.255.160.110,M052,Branch,Doctor,2024-11-04 08:11:08,1
12.62,33.0,61.00000000000001,1.0,6420.47,TX001477,AC00002,2023-05-05 16:35:44,Debit,El Paso,D000475,93.160.83.196,M068,Branch,Doctor,2024-11-04 08:09:03,0
494.9599999999999,40.0,132.0,1.0,6903.68,TX001483,AC00218,2023-03-31 16:34:38,Debit,Sacramento,D000320,45.182.28.148,M067,ATM,Engineer,2024-11-04 08:08:34,2
147.74,23.0,15.0,1.0,1711.78,TX001497,AC00130,2023-09-05 16:52:06,Debit,Raleigh,D000064,12.246.170.239,M034,Branch,Student,2024-11-04 08:12:18,0
265.37,33.0,77.0,1.0,5229.95,TX001500,AC00449,2023-05-26 17:56:17,Debit,Washington,D000633,173.252.44.183,M013,Branch,Engineer,2024-11-04 08:09:20,0
342.57,20.0,91.0,1.0,339.16,TX001501,AC00496,2023-02-03 17:10:00,Debit,Boston,D000345,64.15.0.66,M100,Online,Student,2024-11-04 08:09:51,2
23.23,21.0,122.0,1.0,269.01,TX001505,AC00301,2023-04-20 16:34:59,Credit,Miami,D000573,156.96.135.18,M064,Branch,Student,2024-11-04 08:09:54,1
170.36,30.0,118.0,1.0,6034.73,TX001516,AC00468,2023-03-27 16:56:29,Debit,Indianapolis,D000225,133.63.96.21,M091,ATM,Doctor,2024-11-04 08:09:24,1
213.42,45.0,17.0,1.0,3736.3800000000006,TX001519,AC00271,2023-07-27 17:30:14,Debit,Columbus,D000536,133.67.250.163,M052,ATM,Engineer,2024-11-04 08:11:26,0
591.98,28.0,132.0,1.0,387.65,TX001526,AC00310,2023-04-28 16:32:10,Debit,El Paso,D000560,7.146.35.122,M069,ATM,Student,2024-11-04 08:07:44,2
224.79,18.0,129.0,1.0,528.38,TX001527,AC00083,2023-08-22 16:34:34,Debit,Boston,D000208,3.11.254.2,M063,Online,Student,2024-11-04 08:10:25,1
344.27,22.0,123.0,1.0,1918.3600000000001,TX001534,AC00294,2023-09-19 17:23:14,Debit,San Antonio,D000172,214.125.131.88,M031,Branch,Student,2024-11-04 08:09:37,1
292.95,37.0,56.0,1.0,1216.91,TX001536,AC00480,2023-02-16 16:23:11,Debit,Memphis,D000456,221.169.49.152,M055,Branch,Engineer,2024-11-04 08:11:13,0
209.02,21.0,74.0,1.0,187.9,TX001538,AC00324,2023-03-03 17:08:36,Debit,El Paso,D000599,97.4.209.133,M008,ATM,Student,2024-11-04 08:11:19,0
175.02,28.0,71.0,1.0,1493.88,TX001540,AC00344,2023-04-10 16:23:53,Debit,Phoenix,D000609,105.6.30.244,M092,Online,Student,2024-11-04 08:09:21,0
69.96,28.0,30.999999999999996,1.0,164.12,TX001542,AC00016,2023-10-16 17:43:00,Debit,Baltimore,D000397,184.146.10.88,M060,Branch,Student,2024-11-04 08:08:13,0
376.78,21.0,88.0,1.0,841.6499999999999,TX001544,AC00362,2023-08-14 17:25:14,Credit,Nashville,D000602,81.248.235.147,M061,Online,Student,2024-11-04 08:07:49,2
388.77,26.0,30.0,1.0,1658.49,TX001546,AC00163,2023-12-11 16:57:08,Credit,Jacksonville,D000215,49.20.211.229,M065,Online,Student,2024-11-04 08:11:05,0
50.99,29.0,75.99999999999999,1.0,1334.6,TX001571,AC00131,2023-10-31 16:45:07,Debit,Detroit,D000217,147.119.62.178,M003,Branch,Doctor,2024-11-04 08:10:00,0
101.28,32.0,75.0,1.0,2774.35,TX001572,AC00247,2023-08-23 18:19:06,Credit,Chicago,D000506,81.222.37.186,M023,Online,Engineer,2024-11-04 08:06:44,0
299.92,27.0,122.0,1.0,1368.0,TX001573,AC00425,2023-10-09 18:41:21,Debit,Denver,D000197,201.113.165.203,M007,ATM,Student,2024-11-04 08:08:59,1
18.35,21.0,78.0,1.0,1293.39,TX001575,AC00139,2023-09-18 16:40:59,Debit,Nashville,D000685,83.80.89.29,M035,Branch,Student,2024-11-04 08:10:06,0
732.53,26.0,116.00000000000001,1.0,441.54,TX001576,AC00379,2023-05-22 16:54:00,Credit,San Jose,D000677,220.179.173.114,M066,ATM,Student,2024-11-04 08:12:14,2
67.07,24.0,56.0,1.0,999.6200000000001,TX001578,AC00233,2023-06-05 16:24:41,Credit,Los Angeles,D000038,89.237.88.251,M048,ATM,Student,2024-11-04 08:10:33,0
398.36,22.0,56.0,1.0,1863.7,TX001580,AC00028,2023-06-27 16:52:00,Debit,Columbus,D000022,80.58.55.129,M006,ATM,Student,2024-11-04 08:09:08,0
160.24,31.0,15.0,1.0,5526.97,TX001583,AC00447,2023-08-08 17:06:41,Debit,Washington,D000378,98.39.212.221,M019,ATM,Engineer,2024-11-04 08:09:07,0
315.39,23.0,93.0,1.0,929.6,TX001584,AC00081,2023-05-26 16:52:33,Credit,New York,D000066,60.89.202.192,M008,Branch,Student,2024-11-04 08:08:08,1
165.91,26.0,84.00000000000001,1.0,587.1199999999999,TX001586,AC00254,2023-03-15 17:40:16,Debit,Jacksonville,D000574,1.198.76.182,M084,ATM,Student,2024-11-04 08:09:22,1
11.86,31.0,129.0,1.0,6782.61,TX001597,AC00411,2023-09-05 16:43:36,Debit,Sacramento,D000165,148.112.151.27,M054,Branch,Engineer,2024-11-04 08:08:52,1
122.65000000000002,28.0,41.0,1.0,1968.51,TX001598,AC00105,2023-08-17 16:26:57,Debit,Columbus,D000253,119.199.76.61,M039,Online,Student,2024-11-04 08:06:57,0
199.14,31.0,36.0,1.0,7001.25,TX001603,AC00058,2023-08-02 17:32:29,Debit,Seattle,D000073,187.199.178.27,M005,Branch,Engineer,2024-11-04 08:10:52,0
304.15,20.0,40.0,1.0,686.9099999999999,TX001605,AC00258,2023-11-28 16:09:34,Debit,Atlanta,D000012,214.67.148.245,M010,Branch,Student,2024-11-04 08:10:17,0
620.54,28.0,98.0,1.0,213.36,TX001606,AC00257,2023-03-27 16:26:46,Credit,Omaha,D000078,161.168.126.136,M009,Branch,Student,2024-11-04 08:07:26,2
757.79,22.0,117.0,1.0,1443.02,TX001607,AC00317,2023-01-02 16:30:09,Debit,Charlotte,D000032,49.174.157.140,M034,Online,Student,2024-11-04 08:08:27,2
35.94,23.0,141.0,1.0,1697.28,TX001612,AC00259,2023-05-08 16:22:52,Credit,Fresno,D000187,149.84.108.18,M050,Branch,Student,2024-11-04 08:09:24,1
37.4,20.0,84.00000000000001,1.0,1519.51,TX001622,AC00063,2023-08-01 17:54:56,Debit,Raleigh,D000348,195.226.203.234,M012,ATM,Student,2024-11-04 08:12:08,1
199.37,24.0,79.0,1.0,1331.3,TX001624,AC00130,2023-06-29 17:39:21,Debit,Chicago,D000413,198.24.183.157,M083,Online,Student,2024-11-04 08:08:44,0
410.49,25.0,134.0,1.0,1843.57,TX001625,AC00324,2023-07-25 16:47:16,Credit,Atlanta,D000364,70.130.169.235,M071,Branch,Student,2024-11-04 08:10:38,1
348.44,24.0,147.0,1.0,1022.94,TX001638,AC00041,2023-11-06 17:58:34,Debit,Baltimore,D000668,175.166.115.182,M034,Online,Student,2024-11-04 08:09:55,1
40.79,18.0,80.0,1.0,1769.33,TX001647,AC00303,2023-11-17 16:40:09,Debit,Milwaukee,D000405,177.116.108.246,M061,ATM,Student,2024-11-04 08:11:29,0
81.15,19.0,114.0,1.0,1595.26,TX001654,AC00166,2023-02-17 16:28:12,Debit,Miami,D000311,156.173.170.140,M059,ATM,Student,2024-11-04 08:09:07,1
165.55,28.0,115.0,1.0,761.7799999999999,TX001659,AC00171,2023-10-02 18:21:39,Debit,Dallas,D000639,116.44.12.250,M061,Branch,Student,2024-11-04 08:08:55,1
293.85,25.0,144.0,1.0,1919.97,TX001663,AC00289,2023-08-10 16:23:08,Debit,Charlotte,D000460,206.168.209.111,M011,Online,Student,2024-11-04 08:09:31,1
270.36,25.0,37.0,1.0,1783.04,TX001665,AC00394,2023-03-03 16:57:11,Debit,Oklahoma City,D000037,89.6.100.149,M044,ATM,Student,2024-11-04 08:07:51,0
506.03000000000003,21.0,21.000000000000004,1.0,1123.89,TX001667,AC00296,2023-07-12 16:14:08,Debit,Detroit,D000669,115.30.82.168,M100,Branch,Student,2024-11-04 08:09:26,0
206.95,22.0,30.999999999999996,1.0,1817.65,TX001668,AC00495,2023-08-03 16:19:27,Debit,Seattle,D000603,142.160.124.244,M084,Branch,Student,2024-11-04 08:07:36,0
74.11,22.0,49.0,1.0,1257.9,TX001682,AC00230,2023-07-18 16:05:40,Debit,San Jose,D000547,203.174.215.229,M011,Branch,Student,2024-11-04 08:09:02,0
296.46,23.0,136.0,1.0,558.99,TX001686,AC00050,2023-11-09 16:11:59,Debit,Dallas,D000287,54.252.249.33,M046,Branch,Student,2024-11-04 08:08:19,1
341.84,27.0,89.0,1.0,1400.04,TX001687,AC00449,2023-06-23 16:10:12,Credit,El Paso,D000547,23.255.214.209,M026,Branch,Student,2024-11-04 08:07:42,2
98.41,27.0,48.0,1.0,912.7099999999999,TX001688,AC00426,2023-06-12 17:09:42,Debit,Sacramento,D000187,181.223.246.123,M052,Online,Student,2024-11-04 08:08:45,0
207.71,25.0,63.0,1.0,570.0999999999999,TX001692,AC00318,2023-11-16 17:48:55,Credit,Kansas City,D000377,79.227.202.117,M066,Online,Student,2024-11-04 08:10:55,0
521.01,41.0,73.0,1.0,4004.55,TX001696,AC00175,2023-10-13 17:54:57,Credit,Seattle,D000205,36.13.239.172,M041,Branch,Engineer,2024-11-04 08:07:07,2
321.82,32.0,43.0,1.0,6500.5,TX001703,AC00294,2023-07-14 16:20:55,Credit,Raleigh,D000518,100.137.90.188,M049,Branch,Engineer,2024-11-04 08:08:22,0
566.33,24.0,66.0,1.0,379.82,TX001708,AC00366,2023-08-07 16:39:52,Credit,Charlotte,D000603,26.105.49.129,M065,ATM,Student,2024-11-04 08:07:18,2
77.9,21.0,128.0,1.0,664.7199999999999,TX001711,AC00283,2023-12-25 17:42:00,Debit,Washington,D000616,15.176.70.194,M071,Branch,Student,2024-11-04 08:08:41,1
318.92,21.0,60.00000000000001,1.0,1167.25,TX001712,AC00197,2023-05-19 18:54:32,Credit,Washington,D000264,155.140.33.42,M037,Branch,Student,2024-11-04 08:09:03,0
191.89,25.0,14.0,1.0,399.57,TX001719,AC00023,2023-06-27 16:37:04,Debit,San Antonio,D000004,42.3.3.101,M041,Branch,Student,2024-11-04 08:09:55,0
8.45,22.0,141.0,1.0,1115.3,TX001722,AC00494,2023-02-10 17:45:34,Debit,Philadelphia,D000194,152.140.239.181,M022,ATM,Student,2024-11-04 08:07:47,1
743.24,19.0,109.0,1.0,1024.19,TX001724,AC00451,2023-07-07 17:31:07,Credit,Indianapolis,D000256,72.192.101.196,M084,Online,Student,2024-11-04 08:08:46,2
555.71,22.0,73.0,1.0,830.3699999999999,TX001728,AC00189,2023-01-23 17:35:42,Credit,Boston,D000343,139.23.212.102,M018,Branch,Student,2024-11-04 08:08:24,2
73.01,25.0,61.99999999999999,1.0,1997.3299999999997,TX001730,AC00287,2023-10-18 18:26:25,Credit,Milwaukee,D000670,182.84.41.229,M028,Online,Student,2024-11-04 08:10:12,0
117.66,39.0,126.0,1.0,6794.17,TX001743,AC00053,2023-08-03 18:19:53,Credit,Memphis,D000047,34.125.226.63,M014,Branch,Doctor,2024-11-04 08:07:55,1
125.38999999999999,21.0,140.0,1.0,202.69,TX001746,AC00438,2023-07-31 16:52:24,Debit,Los Angeles,D000149,205.45.234.42,M036,ATM,Student,2024-11-04 08:06:49,1
504.11999999999995,25.0,101.0,1.0,1107.28,TX001749,AC00142,2023-04-14 17:35:50,Credit,Baltimore,D000248,104.80.232.55,M008,Branch,Student,2024-11-04 08:10:41,2
42.09,29.0,118.0,1.0,5526.28,TX001750,AC00356,2023-01-20 18:31:25,Debit,Denver,D000332,41.110.46.150,M046,Branch,Engineer,2024-11-04 08:06:50,1
303.43,22.0,30.0,1.0,1833.24,TX001753,AC00122,2023-06-06 17:32:57,Debit,Virginia Beach,D000166,200.136.146.93,M029,Branch,Student,2024-11-04 08:08:11,0
668.78,20.0,141.0,1.0,983.6799999999998,TX001754,AC00426,2023-10-23 17:25:04,Debit,Mesa,D000217,11.188.75.155,M094,ATM,Student,2024-11-04 08:09:12,2
270.54,20.0,139.0,1.0,269.78,TX001755,AC00111,2023-04-03 18:22:02,Credit,Sacramento,D000479,26.113.209.69,M077,ATM,Student,2024-11-04 08:09:42,1
34.67,19.0,71.0,1.0,888.6,TX001757,AC00128,2023-04-25 16:34:55,Debit,Chicago,D000321,78.100.105.143,M077,Online,Student,2024-11-04 08:11:38,0
326.03,18.0,137.0,1.0,290.24,TX001758,AC00050,2023-05-09 16:54:49,Credit,New York,D000145,129.108.48.116,M038,Online,Student,2024-11-04 08:11:46,1
148.26,25.0,57.0,1.0,958.7,TX001759,AC00141,2023-05-08 17:33:08,Debit,Omaha,D000389,4.105.134.118,M021,ATM,Student,2024-11-04 08:12:13,0
819.48,25.0,26.0,1.0,1804.5,TX001763,AC00124,2023-10-05 16:27:27,Debit,Virginia Beach,D000395,154.138.163.229,M038,ATM,Student,2024-11-04 08:08:37,2
57.16,40.0,74.0,1.0,222.22,TX001765,AC00473,2023-06-15 18:45:38,Debit,Columbus,D000110,136.104.90.223,M022,ATM,Engineer,2024-11-04 08:08:46,0
46.96,46.0,12.0,1.0,2028.92,TX001767,AC00348,2023-06-30 16:44:37,Debit,Las Vegas,D000286,217.233.219.196,M070,Online,Engineer,2024-11-04 08:11:10,0
169.97,22.0,12.0,1.0,6269.12,TX001774,AC00369,2023-12-07 17:33:16,Credit,San Diego,D000183,144.228.168.6,M060,ATM,Student,2024-11-04 08:09:12,0
720.89,27.0,120.0,1.0,447.06,TX001779,AC00327,2023-12-18 17:10:48,Debit,Indianapolis,D000496,100.198.165.4,M008,ATM,Student,2024-11-04 08:10:01,2
216.76,47.0,138.0,1.0,643.6399999999999,TX001782,AC00478,2023-11-09 17:26:27,Credit,Omaha,D000097,205.69.66.135,M033,Online,Engineer,2024-11-04 08:09:35,1
184.56,21.0,93.0,1.0,1549.27,TX001786,AC00341,2023-11-30 16:07:36,Debit,Virginia Beach,D000434,182.84.41.229,M058,Online,Student,2024-11-04 08:06:41,1
253.46000000000004,45.0,60.00000000000001,1.0,1338.95,TX001788,AC00319,2023-05-22 16:27:35,Debit,Memphis,D000057,8.243.4.138,M046,ATM,Engineer,2024-11-04 08:07:11,0
138.68,22.0,44.0,1.0,206.2,TX001790,AC00374,2023-06-14 16:06:24,Credit,Colorado Springs,D000261,49.29.37.185,M002,Branch,Student,2024-11-04 08:08:39,0
42.56,18.0,146.0,1.0,4361.44,TX001791,AC00451,2023-07-31 16:25:38,Debit,Fresno,D000682,91.204.200.167,M001,Online,Student,2024-11-04 08:07:12,1
683.75,32.0,106.0,1.0,6333.72,TX001799,AC00164,2023-02-20 18:56:31,Debit,Las Vegas,D000312,190.92.63.219,M073,Branch,Doctor,2024-11-04 08:07:48,2
422.14,26.0,109.0,1.0,1436.32,TX001810,AC00454,2023-11-17 17:31:06,Credit,Albuquerque,D000579,104.155.121.252,M027,Branch,Student,2024-11-04 08:07:24,2
54.8,34.0,140.0,1.0,4943.49,TX001822,AC00102,2023-06-01 16:15:49,Debit,Albuquerque,D000168,87.50.72.69,M093,Branch,Engineer,2024-11-04 08:08:57,1
141.49,24.0,75.0,1.0,1665.58,TX001823,AC00367,2023-09-20 16:57:04,Debit,Baltimore,D000657,150.25.200.56,M007,Online,Student,2024-11-04 08:11:28,0
31.389999999999997,20.0,15.0,1.0,998.4900000000001,TX001824,AC00137,2023-01-09 17:09:31,Debit,Tucson,D000214,186.57.149.225,M068,ATM,Student,2024-11-04 08:06:27,0
5.71,21.0,106.0,1.0,1285.42,TX001826,AC00458,2023-12-01 17:35:32,Debit,Tucson,D000231,109.42.41.157,M071,Branch,Student,2024-11-04 08:10:30,1
126.91,22.0,42.00000000000001,1.0,692.6899999999999,TX001828,AC00059,2023-08-23 16:04:43,Debit,Kansas City,D000268,86.103.2.29,M050,ATM,Student,2024-11-04 08:08:11,0
198.92,36.0,100.00000000000001,1.0,2854.66,TX001831,AC00396,2023-10-23 16:47:56,Debit,Milwaukee,D000301,4.101.189.38,M020,Online,Engineer,2024-11-04 08:10:19,1
684.96,21.0,30.999999999999996,1.0,526.67,TX001842,AC00136,2023-01-09 16:19:47,Debit,Mesa,D000445,165.114.224.47,M070,ATM,Student,2024-11-04 08:07:05,2
371.86,46.0,91.0,1.0,1329.45,TX001849,AC00154,2023-02-20 17:28:57,Debit,Miami,D000147,41.110.46.150,M073,ATM,Doctor,2024-11-04 08:08:19,2
13.16,43.0,98.0,1.0,1019.46,TX001851,AC00004,2023-05-01 17:36:10,Debit,Mesa,D000098,161.177.41.214,M084,Branch,Engineer,2024-11-04 08:10:30,1
720.13,22.0,96.0,1.0,387.02,TX001858,AC00130,2023-02-14 17:58:31,Credit,Omaha,D000228,155.140.33.42,M024,ATM,Student,2024-11-04 08:07:31,2
134.92,19.0,101.0,1.0,1081.97,TX001859,AC00393,2023-10-31 16:46:18,Debit,Los Angeles,D000636,125.225.212.244,M021,Online,Student,2024-11-04 08:09:40,1
103.48,32.0,33.0,1.0,6494.25,TX001864,AC00017,2023-01-30 16:04:17,Debit,Baltimore,D000640,1.98.25.114,M095,ATM,Engineer,2024-11-04 08:09:34,0
369.44,34.0,18.999999999999996,1.0,5018.67,TX001871,AC00439,2023-11-20 17:11:02,Debit,Detroit,D000572,26.113.209.69,M094,Online,Engineer,2024-11-04 08:08:32,0
36.74,33.0,133.0,1.0,6217.58,TX001874,AC00394,2023-02-06 17:21:37,Debit,Tucson,D000062,187.52.200.18,M094,Branch,Doctor,2024-11-04 08:07:57,1
4.58,21.0,135.0,1.0,811.2399999999999,TX001894,AC00378,2023-10-19 16:13:30,Credit,Atlanta,D000162,89.6.100.149,M099,Online,Student,2024-11-04 08:06:26,1
49.67,21.0,146.0,1.0,842.94,TX001896,AC00499,2023-02-20 18:48:52,Debit,Atlanta,D000560,184.4.253.143,M030,Online,Student,2024-11-04 08:08:23,1
52.87,24.0,70.0,1.0,960.96,TX001901,AC00338,2023-03-31 17:25:22,Debit,Indianapolis,D000053,91.103.147.166,M055,Branch,Student,2024-11-04 08:11:49,0
494.66,33.0,110.0,1.0,5531.93,TX001909,AC00456,2023-06-19 16:59:35,Debit,Houston,D000500,133.63.96.21,M009,Online,Doctor,2024-11-04 08:06:25,2
38.95,27.0,50.00000000000001,1.0,731.52,TX001912,AC00383,2023-10-18 16:44:17,Debit,Los Angeles,D000669,211.42.9.0,M100,Online,Engineer,2024-11-04 08:08:49,0
515.94,29.0,37.0,1.0,1389.89,TX001913,AC00076,2023-12-22 16:42:33,Debit,San Francisco,D000606,27.215.118.94,M049,ATM,Engineer,2024-11-04 08:11:10,2
137.84,27.0,83.0,1.0,1000.3500000000001,TX001915,AC00347,2023-11-13 16:03:01,Debit,Omaha,D000553,195.226.203.234,M069,ATM,Student,2024-11-04 08:09:26,1
95.35,21.0,131.0,1.0,1639.9,TX001916,AC00034,2023-07-26 16:27:19,Debit,Chicago,D000348,39.163.103.27,M032,Online,Student,2024-11-04 08:07:22,1
14.92,26.0,120.0,1.0,6611.26,TX001922,AC00243,2023-05-22 16:51:28,Debit,Las Vegas,D000521,56.89.80.133,M044,Branch,Engineer,2024-11-04 08:07:33,1
138.33,21.0,69.00000000000001,1.0,232.56,TX001926,AC00062,2023-07-07 17:58:29,Debit,Dallas,D000183,31.127.129.152,M011,Online,Student,2024-11-04 08:09:17,0
91.85,21.0,148.0,1.0,802.09,TX001928,AC00201,2023-10-16 16:50:31,Debit,Seattle,D000471,64.89.183.39,M040,Online,Student,2024-11-04 08:12:14,1
302.63,27.0,10.0,1.0,2801.28,TX001931,AC00239,2023-02-28 17:24:26,Credit,San Jose,D000444,182.225.2.156,M052,Branch,Engineer,2024-11-04 08:07:17,0
112.91,27.0,135.0,1.0,4764.48,TX001933,AC00284,2023-11-15 18:04:22,Credit,Tucson,D000439,53.218.177.171,M031,Online,Engineer,2024-11-04 08:09:36,1
256.8,26.0,80.0,1.0,1128.38,TX001935,AC00051,2023-02-24 16:49:51,Debit,Charlotte,D000143,173.232.121.213,M014,ATM,Student,2024-11-04 08:09:22,0
223.22,27.0,96.0,1.0,1734.22,TX001951,AC00382,2023-07-17 16:20:27,Debit,Fort Worth,D000397,66.255.7.16,M018,ATM,Student,2024-11-04 08:08:15,1
59.73,27.0,56.0,1.0,800.93,TX001959,AC00023,2023-05-22 16:38:39,Debit,Fresno,D000681,186.57.149.225,M019,ATM,Student,2024-11-04 08:10:10,0
584.41,23.0,41.0,1.0,4475.22,TX001974,AC00407,2023-01-02 16:51:47,Debit,Las Vegas,D000326,124.180.225.109,M051,ATM,Student,2024-11-04 08:11:29,2
584.88,26.0,121.0,1.0,548.45,TX001982,AC00256,2023-12-19 17:19:47,Debit,Philadelphia,D000202,91.204.200.167,M042,ATM,Student,2024-11-04 08:11:03,2
295.93,36.0,117.0,1.0,1050.63,TX001984,AC00088,2023-02-20 17:26:39,Debit,Boston,D000414,145.179.219.57,M021,Branch,Doctor,2024-11-04 08:09:56,1
92.5,40.0,70.0,1.0,6295.45,TX001987,AC00188,2023-09-25 16:22:10,Credit,Seattle,D000520,113.137.153.101,M080,Online,Engineer,2024-11-04 08:08:25,0
97.74,41.0,137.0,1.0,4113.63,TX001988,AC00225,2023-09-04 16:46:29,Credit,Los Angeles,D000211,218.238.171.184,M046,Online,Engineer,2024-11-04 08:07:15,1
291.68,21.0,90.0,1.0,1451.02,TX001989,AC00278,2023-08-07 18:07:57,Debit,Columbus,D000021,72.128.135.172,M058,ATM,Student,2024-11-04 08:11:59,1
56.96,22.0,135.0,1.0,1597.85,TX001990,AC00311,2023-06-26 17:38:30,Debit,Albuquerque,D000379,70.130.169.235,M011,ATM,Student,2024-11-04 08:07:18,1
436.8,27.0,91.99999999999999,1.0,1256.33,TX001991,AC00206,2023-07-03 16:15:11,Debit,Seattle,D000619,19.228.76.177,M082,Online,Student,2024-11-04 08:10:00,2
248.76,18.0,56.0,1.0,546.46,TX002004,AC00388,2023-05-24 16:12:18,Debit,Denver,D000334,80.75.92.66,M091,ATM,Student,2024-11-04 08:06:33,0
76.16,23.0,99.0,1.0,1072.25,TX002005,AC00008,2023-11-21 16:45:29,Debit,San Francisco,D000539,100.128.70.210,M060,ATM,Student,2024-11-04 08:12:04,1
198.01,26.0,40.0,1.0,250.93000000000004,TX002011,AC00065,2023-04-24 17:46:41,Credit,Austin,D000145,83.80.89.29,M005,Branch,Student,2024-11-04 08:10:09,0
585.58,23.0,55.0,1.0,1729.02,TX002012,AC00248,2023-09-04 16:13:40,Debit,Raleigh,D000580,175.166.115.182,M091,Branch,Student,2024-11-04 08:09:16,2
434.67,27.0,123.99999999999999,1.0,1298.13,TX002013,AC00177,2023-12-05 18:33:02,Credit,Virginia Beach,D000107,13.149.61.4,M024,Online,Student,2024-11-04 08:10:09,1
270.56,23.0,139.0,1.0,1268.44,TX002018,AC00453,2023-02-17 16:57:32,Debit,Philadelphia,D000203,57.166.147.242,M038,Online,Student,2024-11-04 08:08:05,1
537.86,27.0,134.0,1.0,293.06,TX002023,AC00011,2023-09-19 16:44:21,Debit,Kansas City,D000159,144.228.168.6,M001,Online,Student,2024-11-04 08:09:27,2
800.29,20.0,84.00000000000001,1.0,693.4,TX002026,AC00441,2023-12-04 16:25:27,Credit,San Diego,D000400,115.196.150.105,M033,Branch,Student,2024-11-04 08:11:42,2
431.31,23.0,99.0,1.0,342.73,TX002029,AC00172,2023-05-01 16:18:16,Credit,Atlanta,D000363,223.189.165.37,M021,Online,Student,2024-11-04 08:09:29,2
477.54,23.0,52.00000000000001,1.0,1598.63,TX002040,AC00103,2023-08-21 17:20:05,Credit,San Francisco,D000386,29.168.185.63,M063,ATM,Student,2024-11-04 08:06:48,2
248.76,21.0,117.0,1.0,6178.77,TX002044,AC00032,2023-03-20 18:51:53,Debit,Portland,D000390,149.46.124.220,M070,Branch,Student,2024-11-04 08:09:07,1
70.68,25.0,105.0,1.0,1478.41,TX002051,AC00475,2023-11-22 17:01:08,Debit,El Paso,D000138,13.88.251.53,M016,Online,Student,2024-11-04 08:10:55,1
261.77,28.0,45.99999999999999,1.0,824.7099999999999,TX002052,AC00181,2023-01-12 18:07:21,Debit,Chicago,D000026,82.75.200.117,M004,Online,Student,2024-11-04 08:11:48,0
183.22,27.0,63.0,1.0,1024.42,TX002053,AC00120,2023-10-05 18:40:15,Debit,Milwaukee,D000290,64.15.0.66,M099,ATM,Student,2024-11-04 08:07:27,0
328.39,41.0,107.99999999999999,1.0,2523.83,TX002059,AC00391,2023-11-09 16:47:01,Debit,New York,D000396,110.150.1.201,M013,ATM,Engineer,2024-11-04 08:11:57,1
72.47,29.0,72.0,1.0,1305.56,TX002061,AC00034,2023-10-17 18:02:43,Debit,Boston,D000066,89.18.54.235,M083,Online,Doctor,2024-11-04 08:11:10,0
279.6,25.0,131.0,1.0,1910.9000000000003,TX002062,AC00425,2023-05-31 16:28:06,Debit,Fort Worth,D000452,182.84.41.229,M097,ATM,Student,2024-11-04 08:06:53,1
304.2,25.0,102.0,1.0,423.64,TX002063,AC00048,2023-06-08 16:06:13,Debit,Indianapolis,D000652,11.188.75.155,M083,Online,Student,2024-11-04 08:10:19,1
86.07,31.0,22.999999999999996,1.0,842.5599999999998,TX002065,AC00427,2023-11-20 18:40:45,Debit,Dallas,D000355,192.163.114.167,M078,Branch,Doctor,2024-11-04 08:12:19,0
604.5,28.0,80.0,1.0,709.4199999999998,TX002066,AC00483,2023-08-08 18:39:24,Debit,Portland,D000501,31.127.129.152,M073,ATM,Student,2024-11-04 08:06:32,2
258.7,27.0,123.0,1.0,1358.37,TX002067,AC00310,2023-02-22 17:12:15,Debit,Charlotte,D000285,161.71.2.223,M035,ATM,Student,2024-11-04 08:06:36,1
63.540000000000006,26.0,136.0,1.0,4401.78,TX002072,AC00033,2023-05-22 18:23:18,Debit,Dallas,D000195,51.250.122.123,M045,ATM,Engineer,2024-11-04 08:07:31,1
48.51,22.0,69.00000000000001,1.0,3363.23,TX002076,AC00427,2023-01-09 17:22:18,Debit,Austin,D000443,81.67.222.238,M009,Branch,Student,2024-11-04 08:10:53,0
225.1,28.0,35.0,1.0,1547.71,TX002082,AC00498,2023-12-11 17:28:44,Debit,Boston,D000047,217.82.46.37,M082,ATM,Student,2024-11-04 08:07:08,0
98.24,28.0,148.0,1.0,580.66,TX002088,AC00449,2023-04-10 17:58:46,Debit,Mesa,D000005,193.190.29.63,M031,Online,Student,2024-11-04 08:08:58,1
100.48,18.0,104.0,1.0,6149.81,TX002089,AC00213,2023-02-17 16:53:25,Credit,Milwaukee,D000139,136.172.149.77,M100,Branch,Student,2024-11-04 08:12:12,1
26.1,27.0,32.0,1.0,1435.72,TX002095,AC00261,2023-02-17 16:21:21,Debit,Mesa,D000353,77.92.193.22,M001,ATM,Student,2024-11-04 08:07:09,0
123.34999999999998,31.0,10.0,1.0,6852.16,TX002100,AC00239,2023-08-11 17:00:56,Credit,Baltimore,D000170,172.111.76.65,M070,Online,Doctor,2024-11-04 08:09:58,0
139.52,23.0,30.999999999999996,1.0,1570.22,TX002101,AC00394,2023-09-22 18:02:42,Debit,Portland,D000504,216.79.134.201,M025,Branch,Student,2024-11-04 08:08:00,0
51.2,18.0,83.0,1.0,730.6,TX002102,AC00374,2023-03-13 18:45:47,Debit,Tucson,D000105,21.97.154.92,M066,Online,Student,2024-11-04 08:06:44,1
161.38,24.0,101.0,1.0,3900.3399999999997,TX002104,AC00281,2023-11-09 16:06:17,Credit,Colorado Springs,D000690,71.93.189.160,M019,Online,Student,2024-11-04 08:10:55,1
175.05,39.0,34.0,1.0,1447.35,TX002111,AC00126,2023-01-02 17:05:16,Debit,San Francisco,D000299,24.129.74.189,M068,Online,Engineer,2024-11-04 08:08:09,0
15.950000000000001,25.0,52.00000000000001,1.0,1983.0,TX002114,AC00482,2023-03-14 17:10:00,Debit,Raleigh,D000669,190.92.63.219,M048,Branch,Student,2024-11-04 08:11:39,0
746.78,21.0,64.0,1.0,1699.81,TX002119,AC00248,2023-11-27 16:29:16,Credit,Mesa,D000243,112.66.191.48,M001,Branch,Student,2024-11-04 08:07:44,2
320.11,23.0,130.0,1.0,4076.4799999999996,TX002122,AC00090,2023-08-31 16:26:37,Debit,El Paso,D000614,85.240.254.83,M025,Branch,Student,2024-11-04 08:07:38,1
416.55,33.0,73.0,1.0,922.9599999999999,TX002126,AC00021,2023-05-05 17:31:53,Debit,Oklahoma City,D000430,188.205.152.176,M038,Online,Engineer,2024-11-04 08:07:20,2
84.91,18.0,68.00000000000001,1.0,1671.86,TX002127,AC00242,2023-10-16 18:38:15,Debit,Raleigh,D000667,141.201.46.191,M034,Online,Student,2024-11-04 08:06:59,0
215.13,46.0,114.0,1.0,3956.6899999999996,TX002131,AC00098,2023-01-05 16:02:42,Debit,Charlotte,D000606,161.168.126.136,M016,Online,Engineer,2024-11-04 08:08:16,1
341.88,43.0,89.0,1.0,4159.52,TX002133,AC00274,2023-06-14 16:34:43,Debit,Austin,D000321,3.11.254.2,M053,ATM,Engineer,2024-11-04 08:11:00,2
691.92,19.0,61.00000000000001,1.0,1084.65,TX002134,AC00080,2023-07-10 16:37:18,Debit,Boston,D000187,163.58.140.206,M010,Online,Student,2024-11-04 08:12:13,2
299.03,39.0,52.00000000000001,1.0,1381.28,TX002137,AC00055,2023-01-19 17:27:01,Debit,Columbus,D000383,193.221.15.59,M018,Branch,Engineer,2024-11-04 08:10:02,0
438.76,22.0,73.0,1.0,1824.19,TX002140,AC00325,2023-02-13 16:48:50,Debit,San Antonio,D000074,182.84.41.229,M072,Branch,Student,2024-11-04 08:11:13,2
444.52,27.0,17.0,1.0,5424.6,TX002145,AC00077,2023-04-04 16:11:34,Debit,Louisville,D000540,214.67.148.245,M026,Online,Engineer,2024-11-04 08:06:58,0
256.95,26.0,71.0,1.0,2531.24,TX002148,AC00457,2023-05-04 16:37:21,Debit,San Diego,D000672,49.172.82.247,M047,Branch,Engineer,2024-11-04 08:08:10,0
154.99,25.0,53.00000000000001,1.0,1419.31,TX002154,AC00439,2023-08-28 17:07:08,Debit,Mesa,D000582,82.51.236.134,M025,Branch,Student,2024-11-04 08:08:06,0
136.82,31.0,14.0,1.0,6229.13,TX002159,AC00105,2023-08-25 18:24:06,Debit,Chicago,D000541,49.31.186.82,M091,Branch,Engineer,2024-11-04 08:08:03,0
319.5,29.0,69.00000000000001,1.0,2366.3,TX002164,AC00148,2023-06-09 16:03:24,Credit,Virginia Beach,D000513,54.252.249.33,M081,Branch,Engineer,2024-11-04 08:10:45,0
16.52,25.0,135.0,1.0,835.5299999999999,TX002175,AC00399,2023-01-04 17:00:58,Credit,Boston,D000269,165.35.58.173,M093,Online,Student,2024-11-04 08:07:28,1
13.3,23.0,63.0,1.0,213.0,TX002182,AC00189,2023-06-06 16:36:30,Debit,San Antonio,D000167,144.228.168.6,M009,ATM,Student,2024-11-04 08:09:17,0
879.25,24.0,137.0,1.0,125.84999999999998,TX002192,AC00131,2023-11-07 17:44:12,Credit,Memphis,D000073,190.164.160.79,M086,Online,Student,2024-11-04 08:08:02,2
55.98,24.0,87.0,1.0,7047.04,TX002193,AC00059,2023-09-25 16:41:04,Credit,Kansas City,D000551,70.130.169.235,M013,Branch,Student,2024-11-04 08:12:04,1
393.74,26.0,90.0,1.0,1769.06,TX002196,AC00384,2023-12-04 18:11:56,Debit,Charlotte,D000407,62.27.235.199,M099,Online,Student,2024-11-04 08:06:52,2
58.94,30.0,26.0,1.0,4575.98,TX002197,AC00496,2023-01-16 16:16:42,Debit,Miami,D000686,56.116.189.0,M046,Online,Engineer,2024-11-04 08:08:38,0
243.84999999999997,39.0,43.0,1.0,4576.78,TX002207,AC00464,2023-12-20 16:41:44,Debit,Omaha,D000300,197.162.55.147,M082,Branch,Engineer,2024-11-04 08:08:53,0
545.87,27.0,41.0,1.0,4860.01,TX002212,AC00235,2023-01-02 16:31:28,Debit,Miami,D000676,162.207.77.170,M026,Branch,Engineer,2024-11-04 08:09:44,2
142.1,18.0,109.0,1.0,1545.64,TX002215,AC00330,2023-06-08 17:08:06,Credit,San Francisco,D000244,158.129.49.240,M056,Online,Student,2024-11-04 08:11:56,1
114.15,19.0,52.00000000000001,1.0,1612.4,TX002217,AC00042,2023-02-21 16:47:54,Debit,Atlanta,D000395,49.29.37.185,M001,ATM,Student,2024-11-04 08:08:38,0
590.68,27.0,22.999999999999996,1.0,852.1999999999999,TX002219,AC00248,2023-09-25 16:56:21,Debit,Washington,D000249,179.43.245.131,M037,Branch,Student,2024-11-04 08:09:15,2
395.77,43.0,118.0,1.0,6425.99,TX002221,AC00095,2023-02-27 16:24:11,Credit,El Paso,D000281,113.201.172.36,M095,Branch,Doctor,2024-11-04 08:08:17,1
615.16,26.0,140.0,1.0,214.61,TX002222,AC00225,2023-02-06 16:40:27,Debit,Boston,D000092,62.27.235.199,M080,Online,Student,2024-11-04 08:06:37,2
207.82,19.0,30.0,1.0,229.02,TX002223,AC00445,2023-02-28 16:34:45,Credit,Las Vegas,D000181,32.71.250.58,M078,Online,Student,2024-11-04 08:07:02,0
281.47,34.0,142.0,1.0,4437.48,TX002225,AC00143,2023-08-18 17:02:15,Debit,Philadelphia,D000469,100.198.165.4,M029,ATM,Engineer,2024-11-04 08:11:13,1
424.47,22.0,116.00000000000001,1.0,5491.55,TX002230,AC00332,2023-02-27 16:05:35,Debit,Oklahoma City,D000419,151.247.130.190,M050,Online,Student,2024-11-04 08:08:43,2
207.65,34.0,98.0,1.0,5143.8,TX002241,AC00315,2023-09-11 16:52:21,Debit,San Francisco,D000511,152.234.65.155,M066,Online,Engineer,2024-11-04 08:09:29,1
46.53,42.0,34.0,1.0,4468.12,TX002247,AC00033,2023-06-22 17:27:50,Debit,San Francisco,D000287,133.67.250.163,M082,ATM,Engineer,2024-11-04 08:07:22,0
20.06,27.0,144.0,1.0,445.21,TX002252,AC00359,2023-04-19 16:41:27,Debit,Memphis,D000184,206.168.209.111,M017,ATM,Student,2024-11-04 08:10:01,1
0.32,39.0,136.0,1.0,7158.58,TX002254,AC00236,2023-08-04 17:44:36,Debit,Boston,D000129,173.135.78.201,M033,ATM,Engineer,2024-11-04 08:09:57,1
14.28,23.0,81.0,1.0,1597.51,TX002255,AC00085,2023-09-15 17:03:44,Debit,Phoenix,D000429,200.136.146.93,M059,ATM,Student,2024-11-04 08:07:23,0
317.53,44.0,104.0,1.0,6237.68,TX002257,AC00314,2023-02-24 18:25:34,Debit,Miami,D000034,137.33.78.168,M070,Online,Engineer,2024-11-04 08:06:39,1
241.21,31.0,107.99999999999999,1.0,1220.86,TX002266,AC00089,2023-09-25 16:37:04,Debit,Omaha,D000264,116.237.223.50,M037,ATM,Engineer,2024-11-04 08:09:16,1
37.65,27.0,109.0,1.0,411.78,TX002269,AC00056,2023-09-25 17:29:01,Credit,San Jose,D000211,219.219.117.136,M062,Online,Student,2024-11-04 08:11:02,1
308.85,20.0,33.0,2.0,333.19,TX002272,AC00295,2023-11-29 18:03:46,Credit,Los Angeles,D000342,116.43.88.219,M030,Branch,Student,2024-11-04 08:08:15,0
806.97,25.0,11.0,1.0,102.2,TX002274,AC00357,2023-03-07 17:48:05,Debit,Seattle,D000691,193.221.15.59,M028,Online,Student,2024-11-04 08:08:53,2
364.81,25.0,53.00000000000001,1.0,1145.23,TX002275,AC00490,2023-06-26 17:34:00,Debit,Charlotte,D000079,142.148.226.178,M027,Online,Student,2024-11-04 08:07:19,0
502.9,26.0,141.0,1.0,341.24,TX002284,AC00373,2023-09-18 17:13:32,Credit,Fresno,D000384,135.73.131.111,M001,Online,Student,2024-11-04 08:08:40,1
103.81,36.0,34.0,1.0,7044.63,TX002285,AC00167,2023-09-27 16:39:38,Debit,Oklahoma City,D000283,214.32.109.197,M098,ATM,Doctor,2024-11-04 08:11:54,0
275.65,28.0,14.0,1.0,4957.57,TX002288,AC00253,2023-08-14 16:52:32,Credit,Atlanta,D000241,6.44.165.160,M013,Branch,Engineer,2024-11-04 08:08:18,0
52.44,27.0,87.0,1.0,3157.75,TX002292,AC00054,2023-09-06 18:56:24,Debit,Raleigh,D000427,101.223.82.253,M046,Online,Student,2024-11-04 08:09:31,1
141.37,46.0,77.0,1.0,1019.7699999999999,TX002294,AC00322,2023-07-21 16:54:10,Debit,Denver,D000119,52.196.112.199,M026,Online,Engineer,2024-11-04 08:11:41,0
29.72,26.0,37.99999999999999,1.0,1059.62,TX002300,AC00446,2023-07-19 17:16:18,Debit,San Antonio,D000132,203.99.96.114,M084,ATM,Student,2024-11-04 08:07:50,0
381.52,36.0,79.0,1.0,5798.92,TX002304,AC00155,2023-11-20 16:42:12,Debit,Seattle,D000306,188.124.181.12,M052,Online,Doctor,2024-11-04 08:11:07,2
5.66,40.0,33.0,1.0,5434.64,TX002306,AC00202,2023-12-04 18:43:37,Debit,Fresno,D000082,173.135.78.201,M029,Branch,Engineer,2024-11-04 08:11:43,0
521.81,47.0,34.0,1.0,4750.96,TX002308,AC00378,2023-11-16 17:26:37,Debit,Virginia Beach,D000495,210.98.198.143,M058,ATM,Engineer,2024-11-04 08:07:27,2
57.34,27.0,81.0,1.0,1100.64,TX002312,AC00066,2023-10-23 16:03:49,Debit,Atlanta,D000370,18.92.67.57,M089,Online,Student,2024-11-04 08:10:22,0
881.32,31.0,59.00000000000001,1.0,2287.93,TX002314,AC00288,2023-08-31 17:29:03,Debit,El Paso,D000354,190.152.148.249,M015,Online,Engineer,2024-11-04 08:06:52,2
535.4,23.0,110.0,1.0,651.8399999999999,TX002318,AC00096,2023-05-12 18:38:11,Debit,San Diego,D000453,49.29.37.185,M023,Branch,Student,2024-11-04 08:08:50,2
14.1,45.0,73.0,1.0,6949.21,TX002336,AC00048,2023-12-25 17:13:46,Debit,Louisville,D000099,164.75.163.220,M027,Branch,Engineer,2024-11-04 08:08:16,0
63.330000000000005,23.0,123.99999999999999,1.0,792.33,TX002337,AC00485,2023-12-26 17:10:01,Credit,Louisville,D000485,7.28.148.225,M014,Branch,Student,2024-11-04 08:12:02,1
4.47,27.0,132.0,1.0,1381.75,TX002339,AC00081,2023-08-14 16:20:49,Debit,Baltimore,D000239,147.234.20.46,M033,Branch,Student,2024-11-04 08:10:24,1
76.21,22.0,69.00000000000001,1.0,664.9299999999998,TX002346,AC00396,2023-01-10 16:41:42,Debit,Los Angeles,D000275,40.198.240.246,M055,Branch,Student,2024-11-04 08:10:44,0
61.66,26.0,86.0,1.0,5705.4,TX002351,AC00076,2023-02-10 16:34:00,Debit,Sacramento,D000125,112.222.0.29,M085,ATM,Student,2024-11-04 08:06:48,1
12.35,25.0,22.0,1.0,1846.85,TX002352,AC00063,2023-02-06 18:39:50,Debit,Fresno,D000213,144.228.168.6,M092,Branch,Student,2024-11-04 08:11:12,0
213.25,25.0,63.0,1.0,677.7899999999998,TX002353,AC00376,2023-02-23 17:30:07,Debit,San Francisco,D000441,71.93.189.160,M076,Branch,Student,2024-11-04 08:08:03,0
34.93,31.0,72.0,1.0,2810.37,TX002354,AC00392,2023-10-16 16:11:52,Debit,Columbus,D000434,172.111.76.65,M056,Branch,Engineer,2024-11-04 08:11:12,0
335.68,24.0,142.0,1.0,1188.95,TX002356,AC00238,2023-11-06 17:20:40,Debit,Tucson,D000558,86.83.61.143,M062,Online,Student,2024-11-04 08:11:20,1
220.82,42.0,30.999999999999996,1.0,4298.13,TX002359,AC00132,2023-12-29 16:30:53,Debit,Louisville,D000297,37.143.57.20,M089,Branch,Engineer,2024-11-04 08:08:24,0
717.36,22.0,138.0,1.0,514.88,TX002360,AC00071,2023-01-02 17:00:33,Credit,San Diego,D000035,51.196.87.214,M020,Online,Student,2024-11-04 08:09:39,2
427.83,47.0,29.000000000000004,1.0,3293.06,TX002362,AC00153,2023-05-10 17:02:51,Debit,Phoenix,D000529,16.128.130.153,M066,ATM,Engineer,2024-11-04 08:09:49,0
21.9,28.0,30.0,1.0,1052.27,TX002364,AC00327,2023-04-10 17:04:28,Debit,Phoenix,D000216,136.172.149.77,M084,ATM,Student,2024-11-04 08:11:15,0
129.62,23.0,123.99999999999999,1.0,620.28,TX002375,AC00500,2023-07-06 16:47:00,Credit,San Jose,D000179,37.143.57.20,M070,ATM,Student,2024-11-04 08:06:51,1
684.5,29.0,75.99999999999999,1.0,6258.63,TX002380,AC00443,2023-07-31 18:52:14,Debit,Fort Worth,D000075,190.251.45.32,M035,Branch,Doctor,2024-11-04 08:10:14,2
45.92,26.0,22.999999999999996,1.0,544.56,TX002382,AC00452,2023-06-19 17:25:35,Debit,Nashville,D000622,120.170.93.69,M087,ATM,Student,2024-11-04 08:06:32,0
761.73,19.0,26.999999999999996,1.0,151.28,TX002383,AC00119,2023-09-11 17:15:04,Debit,Columbus,D000191,89.6.100.149,M075,ATM,Student,2024-11-04 08:09:23,2
331.38,42.0,122.0,1.0,844.5499999999998,TX002384,AC00342,2023-05-30 17:13:38,Debit,Miami,D000621,19.20.13.234,M051,ATM,Engineer,2024-11-04 08:08:38,1
57.38,28.0,86.0,1.0,899.5199999999999,TX002387,AC00450,2023-02-13 18:27:34,Debit,Kansas City,D000238,48.19.99.211,M062,Online,Student,2024-11-04 08:08:31,1
94.64,28.0,144.0,1.0,586.76,TX002388,AC00300,2023-05-15 18:30:55,Credit,New York,D000543,216.32.4.105,M036,ATM,Student,2024-11-04 08:08:50,1
155.56,19.0,64.0,1.0,129.79,TX002389,AC00183,2023-04-24 16:07:53,Credit,Austin,D000033,53.218.177.171,M014,Branch,Student,2024-11-04 08:07:46,0
4.39,26.0,63.0,1.0,1429.61,TX002392,AC00063,2023-06-12 16:03:42,Debit,Philadelphia,D000441,188.225.207.71,M084,ATM,Student,2024-11-04 08:11:48,0
429.25,29.0,107.0,1.0,5019.68,TX002393,AC00345,2023-06-12 16:26:36,Debit,Seattle,D000199,199.6.127.153,M090,Online,Engineer,2024-11-04 08:08:36,2
33.03,21.0,28.0,1.0,935.8800000000001,TX002395,AC00165,2023-08-10 16:58:10,Debit,Washington,D000376,109.42.41.157,M019,Branch,Student,2024-11-04 08:09:57,0
25.32,19.0,25.000000000000004,1.0,1642.34,TX002397,AC00241,2023-03-07 17:49:13,Debit,Oklahoma City,D000422,9.230.41.239,M090,ATM,Student,2024-11-04 08:09:29,0
330.91,36.0,28.0,1.0,6481.35,TX002398,AC00308,2023-03-06 17:25:20,Debit,Kansas City,D000005,184.185.209.72,M041,ATM,Engineer,2024-11-04 08:11:10,0
153.55,37.0,16.0,1.0,5619.91,TX002399,AC00308,2023-11-08 17:53:52,Debit,Denver,D000438,168.55.35.243,M099,Online,Doctor,2024-11-04 08:07:38,0
217.61,27.0,120.0,1.0,1661.1,TX002400,AC00088,2023-02-28 17:34:08,Debit,Omaha,D000512,19.228.76.177,M039,Online,Student,2024-11-04 08:11:11,1
74.72,26.0,132.0,1.0,165.75,TX002407,AC00176,2023-07-25 18:58:19,Debit,Phoenix,D000272,77.21.150.75,M031,Online,Student,2024-11-04 08:10:19,1
275.87,25.0,112.0,1.0,1697.58,TX002409,AC00225,2023-08-28 18:27:59,Debit,Seattle,D000302,111.78.64.133,M096,ATM,Student,2024-11-04 08:07:09,1
91.5,47.0,77.0,1.0,667.6599999999999,TX002413,AC00155,2023-03-27 16:26:42,Debit,Omaha,D000113,168.128.200.203,M033,ATM,Doctor,2024-11-04 08:07:56,0
489.31000000000006,43.0,36.0,1.0,5595.22,TX002414,AC00019,2023-04-03 16:34:10,Debit,Louisville,D000293,156.235.3.171,M089,Branch,Engineer,2024-11-04 08:12:22,0
315.13,30.0,143.0,1.0,6570.94,TX002417,AC00069,2023-12-05 16:04:34,Debit,Omaha,D000171,107.248.120.12,M045,Branch,Engineer,2024-11-04 08:07:21,1
245.62,23.0,127.0,1.0,1879.8200000000002,TX002428,AC00374,2023-12-15 17:01:58,Debit,San Antonio,D000045,167.164.55.0,M021,Branch,Student,2024-11-04 08:08:30,1
116.33,27.0,144.0,1.0,1696.15,TX002438,AC00298,2023-02-17 16:37:06,Debit,Fresno,D000391,173.135.78.201,M090,Branch,Student,2024-11-04 08:08:42,1
219.44,42.0,22.999999999999996,1.0,4207.27,TX002441,AC00407,2023-07-20 18:13:07,Debit,Washington,D000685,60.89.202.192,M003,Online,Engineer,2024-11-04 08:09:38,0
242.85,42.0,93.0,1.0,4672.8,TX002449,AC00460,2023-10-23 16:19:39,Debit,San Antonio,D000068,124.6.134.78,M036,Online,Engineer,2024-11-04 08:10:22,1
291.22,41.0,100.00000000000001,1.0,3677.63,TX002450,AC00494,2023-11-03 16:45:25,Credit,Baltimore,D000555,174.61.77.54,M095,Online,Engineer,2024-11-04 08:09:36,1
66.76,36.0,44.0,1.0,184.72,TX002453,AC00242,2023-04-24 18:29:26,Credit,Austin,D000670,97.106.5.76,M004,Branch,Doctor,2024-11-04 08:10:58,0
190.9,28.0,40.0,1.0,101.25,TX002454,AC00222,2023-10-09 16:17:07,Debit,Jacksonville,D000390,42.61.10.112,M002,Online,Student,2024-11-04 08:10:27,0
235.34,26.0,68.00000000000001,1.0,566.83,TX002460,AC00483,2023-10-16 16:13:57,Debit,Washington,D000631,198.166.198.233,M085,Branch,Student,2024-11-04 08:12:01,0
577.13,40.0,66.0,1.0,6640.51,TX002463,AC00464,2023-09-27 16:50:01,Credit,San Jose,D000438,194.88.79.54,M065,Branch,Engineer,2024-11-04 08:08:42,2
69.8,27.0,138.0,1.0,136.77,TX002468,AC00412,2023-05-02 16:01:04,Credit,New York,D000361,125.225.212.244,M004,Branch,Student,2024-11-04 08:09:01,1
179.62,24.0,119.0,1.0,409.26,TX002470,AC00054,2023-11-15 16:00:38,Debit,Tucson,D000504,93.52.44.101,M082,Online,Student,2024-11-04 08:11:42,1
425.91,23.0,47.0,1.0,383.58,TX002471,AC00128,2023-03-24 16:34:27,Debit,Jacksonville,D000412,177.116.108.246,M038,ATM,Student,2024-11-04 08:07:14,0
113.03,36.0,12.0,1.0,6756.13,TX002473,AC00275,2023-03-15 17:53:09,Credit,Tucson,D000521,11.3.59.231,M001,Online,Doctor,2024-11-04 08:08:48,0
270.39,25.0,104.0,1.0,899.15,TX002477,AC00058,2023-06-12 17:30:53,Debit,Jacksonville,D000214,111.226.226.202,M006,ATM,Student,2024-11-04 08:07:39,1
336.84,22.0,100.00000000000001,1.0,4500.26,TX002479,AC00276,2023-03-07 17:24:45,Debit,Washington,D000559,161.195.172.148,M073,ATM,Student,2024-11-04 08:09:58,1
411.47,26.0,120.0,1.0,796.63,TX002483,AC00347,2023-12-25 16:25:42,Debit,Fort Worth,D000110,33.28.138.82,M080,ATM,Student,2024-11-04 08:11:11,1
377.04,34.0,64.0,1.0,3812.87,TX002487,AC00202,2023-03-16 16:52:04,Debit,Chicago,D000587,203.170.198.177,M054,ATM,Engineer,2024-11-04 08:09:54,0
54.1,28.0,17.0,1.0,940.91,TX002488,AC00125,2023-05-19 17:47:41,Credit,Boston,D000031,110.64.1.201,M085,Branch,Engineer,2024-11-04 08:06:59,0
271.22,45.0,87.0,1.0,6863.02,TX002496,AC00182,2023-04-03 16:07:53,Credit,Louisville,D000052,4.105.134.118,M056,ATM,Doctor,2024-11-04 08:06:52,1
43.1,25.0,102.0,1.0,6944.9,TX002499,AC00407,2023-10-04 18:25:44,Debit,Denver,D000254,65.124.242.67,M092,Branch,Student,2024-11-04 08:07:24,1
557.78,26.0,102.0,1.0,1289.48,TX002500,AC00089,2023-05-30 16:55:04,Credit,Phoenix,D000202,142.160.124.244,M072,Branch,Student,2024-11-04 08:11:13,2
270.25,31.0,42.00000000000001,1.0,5414.97,TX002504,AC00427,2023-11-06 16:56:41,Debit,Tucson,D000224,147.114.91.132,M065,ATM,Engineer,2024-11-04 08:10:48,0
577.12,39.0,69.00000000000001,1.0,5265.88,TX002506,AC00377,2023-01-27 17:38:07,Debit,Virginia Beach,D000110,120.16.186.17,M075,ATM,Engineer,2024-11-04 08:10:50,2
185.97,23.0,18.999999999999996,1.0,1776.91,TX002511,AC00118,2023-02-24 16:24:46,Debit,Denver,D000634,21.190.11.223,M041,Online,Student,2024-11-04 08:12:22,0
243.08000000000004,24.0,93.0,1.0,131.25,TX002512,AC00009,2023-02-14 16:21:23,Credit,Jacksonville,D000215,59.127.135.25,M041,Online,Student,2024-11-04 08:07:49,1
